Timestamp,Used Memory (MB),CPU Load 1 min,CPU Load 5 min,CPU Load 15 min,Disk Usage (%),TX (MB),RX (MB),Open Ports,Label,Attack Technique
2024-08-29 17:03:10,133.0,4.4,4.54,3.9,27.0,0.0,0.0,"22,443 41120,41121 5345,41123 41124,1000 9001,41100 80,44818 30003,22 4840,30003",0,0
2024-08-29 17:03:20,133.0,4.48,4.56,3.91,27.0,0.0,0.0,"22,443 41120,41121 5345,41123 41124,1000 9001,41100 80,44818 30003,22 4840,30003",0,0
2024-08-29 17:03:31,133.0,4.57,4.57,3.92,27.0,0.0,0.0,"22,443 41120,41121 5345,41123 41124,1000 9001,41100 80,44818 30003,22 4840,30003",0,0
2024-08-29 17:03:41,133.0,4.56,4.57,3.93,27.0,0.0,0.0,"22,443 41120,41121 5345,41123 41124,1000 9001,41100 80,44818 30003,22 4840,30003",0,0
2024-08-29 17:03:51,133.0,4.72,4.6,3.95,27.0,0.0,0.0,"22,443 41120,41121 5345,41123 41124,1000 9001,41100 80,44818 30003,22 4840,30003",0,0
2024-08-29 17:04:02,135.0,4.76,4.61,3.96,27.0,0.0,0.0,"22,443 41120,41121 5345,41123 41124,1000 9001,41100 80,44818 30003,22 4840,30003",0,0
2024-08-29 17:04:13,133.0,4.87,4.64,3.98,27.0,0.0,0.0,"22,443 41120,41121 5345,41123 41124,1000 9001,41100 80,44818 30003,22 4840,30003",0,0
2024-08-29 17:04:24,133.0,4.82,4.64,3.98,27.0,0.0,0.0,"22,443 41120,41121 5345,41123 41124,1000 9001,41100 80,44818 30003,22 4840,30003",0,0
2024-08-29 17:04:34,133.0,4.85,4.65,3.99,27.0,0.0,0.0,"22,443 41120,41121 5345,41123 41124,1000 9001,41100 80,44818 30003,22 4840,30003",0,0
2024-08-29 17:04:44,133.0,4.88,4.67,4.01,27.0,0.0,0.0,"22,443 41120,41121 5345,41123 41124,1000 9001,41100 80,44818 30003,22 4840,30003",0,0
2024-08-29 17:04:55,133.0,5.05,4.71,4.03,27.0,0.0,0.0,"22,443 41120,41121 5345,41123 41124,1000 9001,41100 80,44818 30003,22 4840,30003",0,0
2024-08-29 17:05:05,133.0,4.96,4.71,4.04,27.0,0.0,0.0,"22,443 41120,41121 5345,41123 41124,1000 9001,41100 80,44818 30003,22 4840,30003",0,0
2024-08-29 17:05:16,133.0,5.05,4.73,4.05,27.0,0.0,0.0,"22,443 41120,41121 5345,41123 41124,1000 9001,41100 80,44818 30003,22 4840,30003",0,0
2024-08-29 17:05:27,135.0,5.04,4.74,4.06,27.0,0.0,0.0,"22,443 41120,41121 5345,41123 41124,1000 9001,41100 80,44818 30003,22 4840,30003",0,0
2024-08-29 17:05:37,135.0,5.04,4.75,4.07,27.0,0.0,0.0,"22,443 41120,41121 5345,41123 41124,1000 9001,41100 80,44818 30003,22 4840,30003",0,0
2024-08-29 17:05:48,136.0,5.04,4.76,4.08,27.0,0.0,0.0,"22,443 41120,41121 5345,41123 41124,1000 9001,41100 80,44818 30003,22 4840,30003",0,0
2024-08-29 17:05:58,133.0,4.88,4.73,4.08,27.0,0.0,0.0,"22,443 41120,41121 5345,41123 41124,1000 9001,41100 80,44818 30003,22 4840,30003",0,0
2024-08-29 17:06:08,134.0,4.74,4.71,4.08,27.0,0.0,0.0,"22,443 41120,41121 5345,41123 41124,1000 9001,41100 80,44818 30003,22 4840,30003",0,0
2024-08-29 17:06:19,134.0,4.7,4.7,4.09,27.0,0.0,0.0,"22,443 41120,41121 5345,41123 41124,1000 9001,41100 80,44818 30003,22 4840,30003",0,0
2024-08-29 17:06:29,134.0,4.59,4.68,4.09,27.0,0.0,0.0,"22,443 41120,41121 5345,41123 41124,1000 9001,41100 80,44818 30003,22 4840,30003",0,0
2024-08-29 17:06:40,134.0,4.68,4.7,4.1,27.0,0.0,0.0,"22,443 41120,41121 5345,41123 41124,1000 9001,41100 80,44818 30003,22 4840,30003",0,0
2024-08-29 17:06:50,134.0,4.58,4.67,4.1,27.0,0.0,0.0,"22,443 41120,41121 5345,41123 41124,1000 9001,41100 80,44818 30003,22 4840,30003",0,0
2024-08-29 17:07:01,132.0,4.94,4.75,4.13,27.0,0.0,1.0,"22,443 41120,41121 5345,41123 41124,9001 41100,80 44818,30003 22,4840 30003",0,0
2024-08-29 17:07:12,133.0,5.26,4.82,4.16,27.0,0.0,1.0,"22,443 41120,41121 5345,41123 41124,9001 41100,80 44818,30003 22,4840 30003",0,0
2024-08-29 17:07:22,133.0,5.53,4.9,4.19,27.0,1.0,1.0,"22,443 41120,41121 5345,41123 41124,9001 41100,80 44818,30003 22,4840 30003",0,0
2024-08-29 17:07:33,133.0,5.68,4.95,4.22,27.0,1.0,1.0,"22,443 41120,41121 5345,41123 41124,9001 41100,80 44818,30003 22,4840 30003",0,0
2024-08-29 17:07:44,133.0,5.89,5.02,4.25,27.0,1.0,1.0,"22,443 41120,41121 5345,41123 41124,1000 9001,41100 80,44818 30003,22 4840,30003",0,0
2024-08-29 17:07:55,134.0,5.93,5.07,4.28,27.0,1.0,1.0,"22,443 41120,41121 5345,41123 41124,1000 9001,41100 80,44818 30003,22 4840,30003",0,0
2024-08-29 17:08:05,135.0,5.94,5.1,4.3,27.0,1.0,1.0,"22,443 41120,41121 5345,41123 41124,1000 9001,41100 80,44818 30003,22 4840,30003",0,0
2024-08-29 17:08:16,135.0,5.95,5.13,4.31,27.0,1.0,1.0,"22,443 41120,41121 5345,41123 41124,1000 9001,41100 80,44818 30003,22 4840,30003",0,0
2024-08-29 17:08:27,135.0,6.11,5.19,4.34,27.0,1.0,1.0,"22,443 41120,41121 5345,41123 41124,1000 9001,41100 80,44818 30003,22 4840,30003",0,0
2024-08-29 17:08:37,135.0,6.17,5.23,4.37,27.0,1.0,1.0,"22,443 41120,41121 5345,41123 41124,1000 9001,41100 80,44818 30003,22 4840,30003",0,0
2024-08-29 17:08:48,136.0,5.99,5.23,4.37,27.0,1.0,1.0,"22,443 41120,41121 5345,41123 41124,1000 9001,41100 80,44818 30003,22 4840,30003",0,0
2024-08-29 17:08:58,136.0,5.68,5.18,4.37,27.0,1.0,1.0,"22,443 41120,41121 5345,41123 41124,1000 9001,41100 80,44818 30003,22 4840,30003",0,0
2024-08-29 17:09:09,136.0,5.5,5.16,4.37,27.0,1.0,1.0,"22,443 41120,41121 5345,41123 41124,1000 9001,41100 80,44818 30003,22 4840,30003",0,0
2024-08-29 17:09:19,136.0,5.27,5.12,4.37,27.0,1.0,1.0,"22,443 41120,41121 5345,41123 41124,1000 9001,41100 80,44818 30003,22 4840,30003",0,0
2024-08-29 17:09:30,136.0,5.34,5.15,4.39,27.0,1.0,1.0,"22,443 41120,41121 5345,41123 41124,1000 9001,41100 80,44818 30003,22 4840,30003",0,0
2024-08-29 17:09:40,136.0,5.21,5.13,4.39,27.0,1.0,1.0,"22,443 41120,41121 5345,41123 41124,1000 9001,41100 80,44818 30003,22 4840,30003",0,0
2024-08-29 17:09:51,136.0,5.1,5.1,4.39,27.0,1.0,1.0,"22,443 41120,41121 5345,41123 41124,1000 9001,41100 80,44818 30003,22 4840,30003",0,0
2024-08-29 17:10:01,140.0,5.01,5.08,4.39,27.0,1.0,1.0,"22,443 41120,41121 5345,41123 41124,1000 9001,41100 80,44818 30003,22 4840,30003",0,0
2024-08-29 17:10:13,136.0,5.0,5.08,4.39,27.0,1.0,1.0,"22,443 41120,41121 5345,41123 41124,1000 9001,41100 80,44818 30003,22 4840,30003",0,0
2024-08-29 17:10:24,137.0,4.85,5.05,4.39,27.0,1.0,1.0,"22,443 41120,41121 5345,41123 41124,1000 9001,41100 80,44818 30003,22 4840,30003",0,0
2024-08-29 17:10:34,136.0,5.02,5.08,4.41,27.0,1.0,1.0,"22,443 41120,41121 5345,41123 41124,1000 9001,41100 80,44818 30003,22 4840,30003",0,0
2024-08-29 17:10:45,137.0,5.01,5.07,4.41,27.0,1.0,1.0,"22,443 41120,41121 5345,41123 41124,1000 9001,41100 80,44818 30003,22 4840,30003",0,0
2024-08-29 17:10:55,137.0,5.15,5.1,4.43,27.0,1.0,1.0,"22,443 41120,41121 5345,41123 41124,1000 9001,41100 80,44818 30003,22 4840,30003",0,0
2024-08-29 17:11:06,137.0,5.12,5.1,4.44,27.0,1.0,1.0,"22,443 41120,41121 5345,41123 41124,1000 9001,41100 80,44818 30003,22 4840,30003",0,0
2024-08-29 17:11:16,137.0,5.1,5.1,4.45,27.0,1.0,1.0,"22,443 41120,41121 5345,41123 41124,1000 9001,41100 80,44818 30003,22 4840,30003",0,0
2024-08-29 17:11:27,137.0,5.01,5.08,4.45,27.0,1.0,1.0,"22,443 41120,41121 5345,41123 41124,1000 9001,41100 80,44818 30003,22 4840,30003",0,0
2024-08-29 17:11:37,137.0,5.08,5.09,4.46,27.0,1.0,1.0,"22,443 41120,41121 5345,41123 41124,1000 9001,41100 80,44818 30003,22 4840,30003",0,0
2024-08-29 17:11:48,137.0,4.99,5.07,4.46,27.0,1.0,1.0,"22,443 41120,41121 5345,41123 41124,1000 9001,41100 80,44818 30003,22 4840,30003",0,0
2024-08-29 17:11:58,137.0,5.0,5.07,4.47,27.0,1.0,1.0,"22,443 41120,41121 5345,41123 41124,1000 9001,41100 80,44818 30003,22 4840,30003",0,0
2024-08-29 17:12:09,137.0,5.0,5.06,4.47,27.0,1.0,1.0,"22,443 41120,41121 5345,41123 41124,1000 9001,41100 80,44818 30003,22 4840,30003",0,0
2024-08-29 17:12:19,137.0,4.92,5.04,4.47,27.0,1.0,1.0,"22,443 41120,41121 5345,41123 41124,1000 9001,41100 80,44818 30003,22 4840,30003",0,0
2024-08-29 17:12:30,137.0,4.93,5.04,4.48,27.0,1.0,1.0,"22,443 41120,41121 5345,41123 41124,1000 9001,41100 80,44818 30003,22 4840,30003",0,0
2024-08-29 17:12:40,137.0,5.11,5.07,4.5,27.0,1.0,1.0,"22,443 41120,41121 5345,41123 41124,1000 9001,41100 80,44818 30003,22 4840,30003",0,0
2024-08-29 17:12:51,137.0,5.01,5.05,4.5,27.0,1.0,1.0,"22,443 41120,41121 5345,41123 41124,1000 9001,41100 80,44818 30003,22 4840,30003",0,0
2024-08-29 17:13:01,142.0,5.01,5.05,4.5,27.0,1.0,1.0,"22,443 41120,41121 5345,41123 41124,1000 9001,41100 80,44818 30003,22 4840,30003",0,0
2024-08-29 17:13:12,138.0,4.85,5.02,4.5,27.0,1.0,1.0,"22,443 41120,41121 5345,41123 41124,1000 9001,41100 80,44818 30003,22 4840,30003",0,0
2024-08-29 17:13:23,138.0,4.72,4.98,4.49,27.0,1.0,1.0,"22,443 41120,41121 5345,41123 41124,1000 9001,41100 80,44818 30003,22 4840,30003",0,0
2024-08-29 17:13:34,138.0,4.83,5.0,4.5,27.0,1.0,1.0,"22,443 41120,41121 5345,41123 41124,1000 9001,41100 80,44818 30003,22 4840,30003",0,0
2024-08-29 17:13:44,138.0,4.86,5.0,4.51,27.0,1.0,1.0,"22,443 41120,41121 5345,41123 41124,1000 9001,41100 80,44818 30003,22 4840,30003",0,0
2024-08-29 17:13:55,138.0,4.8,4.98,4.51,27.0,1.0,1.0,"22,443 41120,41121 5345,41123 41124,1000 9001,41100 80,44818 30003,22 4840,30003",0,0
2024-08-29 17:14:05,138.0,4.84,4.98,4.51,27.0,1.0,1.0,"22,443 41120,41121 5345,41123 41124,1000 9001,41100 80,44818 30003,22 4840,30003",0,0
2024-08-29 17:14:16,138.0,4.8,4.97,4.52,27.0,1.0,1.0,"22,443 41120,41121 5345,41123 41124,1000 9001,41100 80,44818 30003,22 4840,30003",0,0
2024-08-29 17:14:26,138.0,4.9,4.99,4.53,27.0,1.0,1.0,"22,443 41120,41121 5345,41123 41124,1000 9001,41100 80,44818 30003,22 4840,30003",0,0
2024-08-29 17:14:37,138.0,4.76,4.95,4.52,27.0,1.0,1.0,"22,443 41120,41121 5345,41123 41124,1000 9001,41100 80,44818 30003,22 4840,30003",0,0
2024-08-29 17:14:47,139.0,4.8,4.96,4.53,27.0,1.0,1.0,"22,443 41120,41121 5345,41123 41124,1000 9001,41100 80,44818 30003,22 4840,30003",0,0
2024-08-29 17:14:58,138.0,4.83,4.96,4.53,27.0,1.0,1.0,"22,443 41120,41121 5345,41123 41124,1000 9001,41100 80,44818 30003,22 4840,30003",0,0
2024-08-29 17:15:08,139.0,4.7,4.93,4.53,27.0,1.0,1.0,"22,443 41120,41121 5345,41123 41124,1000 9001,41100 80,44818 30003,22 4840,30003",0,0
2024-08-29 17:15:18,138.0,4.75,4.93,4.53,27.0,1.0,1.0,"22,443 41120,41121 5345,41123 41124,1000 9001,41100 80,44818 30003,22 4840,30003",0,0
2024-08-29 17:15:29,139.0,4.71,4.91,4.53,27.0,1.0,1.0,"22,443 41120,41121 5345,41123 41124,1000 9001,41100 80,44818 30003,22 4840,30003",0,0
2024-08-29 17:15:40,139.0,4.68,4.9,4.53,27.0,1.0,1.0,"22,443 41120,41121 5345,41123 41124,1000 9001,41100 80,44818 30003,22 4840,30003",0,0
2024-08-29 17:15:50,139.0,4.58,4.87,4.53,27.0,1.0,1.0,"22,443 41120,41121 5345,41123 41124,1000 9001,41100 80,44818 30003,22 4840,30003",0,0
2024-08-29 17:16:01,139.0,5.03,4.96,4.56,27.0,1.0,1.0,"22,443 41120,41121 5345,41123 41124,1000 9001,41100 80,44818 30003,22 4840,30003",0,0
2024-08-29 17:16:11,139.0,4.87,4.93,4.56,27.0,1.0,1.0,"22,443 41120,41121 5345,41123 41124,1000 9001,41100 80,44818 30003,22 4840,30003",0,0
2024-08-29 17:16:22,139.0,4.82,4.91,4.56,27.0,1.0,1.0,"22,443 41120,41121 5345,41123 41124,1000 9001,41100 80,44818 30003,22 4840,30003",0,0
2024-08-29 17:16:32,139.0,4.85,4.92,4.56,27.0,1.0,1.0,"22,443 41120,41121 5345,41123 41124,1000 9001,41100 80,44818 30003,22 4840,30003",0,0
2024-08-29 17:16:43,139.0,5.02,4.95,4.58,27.0,1.0,1.0,"22,443 41120,41121 5345,41123 41124,1000 9001,41100 80,44818 30003,22 4840,30003",0,0
2024-08-29 17:16:53,139.0,4.94,4.94,4.58,27.0,1.0,1.0,"22,443 41120,41121 5345,41123 41124,1000 9001,41100 80,44818 30003,22 4840,30003",0,0
2024-08-29 17:17:03,140.0,4.8,4.91,4.57,27.0,1.0,1.0,"22,443 41120,41121 5345,41123 41124,1000 9001,41100 80,44818 30003,22 4840,30003",0,0
2024-08-29 17:17:14,139.0,4.83,4.91,4.57,27.0,1.0,1.0,"22,443 41120,41121 5345,41123 41124,1000 9001,41100 80,44818 30003,22 4840,30003",0,0
2024-08-29 17:17:25,140.0,4.7,4.88,4.57,27.0,1.0,1.0,"22,443 41120,41121 5345,41123 41124,1000 9001,41100 80,44818 30003,22 4840,30003",0,0
2024-08-29 17:17:35,140.0,4.75,4.88,4.57,27.0,1.0,2.0,"22,443 41120,41121 5345,41123 41124,1000 9001,41100 80,44818 30003,22 4840,30003",0,0
2024-08-29 17:17:46,140.0,4.71,4.87,4.57,27.0,1.0,2.0,"22,443 41120,41121 5345,41123 41124,1000 9001,41100 80,44818 30003,22 4840,30003",0,0
2024-08-29 17:17:56,140.0,4.84,4.89,4.58,27.0,1.0,2.0,"22,443 41120,41121 5345,41123 41124,1000 9001,41100 80,44818 30003,22 4840,30003",0,0
2024-08-29 17:18:07,140.0,5.38,5.01,4.62,27.0,1.0,2.0,"22,443 41120,41121 5345,41123 41124,1000 9001,41100 80,44818 30003,22 4840,30003",0,0
2024-08-29 17:18:17,140.0,5.33,5.01,4.63,27.0,1.0,2.0,"22,443 41120,41121 5345,41123 41124,1000 9001,41100 80,44818 30003,22 4840,30003",0,0
2024-08-29 17:18:28,140.0,5.13,4.98,4.62,27.0,1.0,2.0,"22,443 41120,41121 5345,41123 41124,1000 9001,41100 80,44818 30003,22 4840,30003",0,0
2024-08-29 17:18:38,140.0,5.03,4.96,4.62,27.0,1.0,2.0,"22,443 41120,41121 5345,41123 41124,1000 9001,41100 80,44818 30003,22 4840,30003",0,0
2024-08-29 17:18:49,140.0,4.87,4.93,4.61,27.0,1.0,2.0,"22,443 41120,41121 5345,41123 41124,1000 9001,41100 80,44818 30003,22 4840,30003",0,0
2024-08-29 17:18:59,140.0,4.74,4.9,4.61,27.0,1.0,2.0,"22,443 41120,41121 5345,41123 41124,1000 9001,41100 80,44818 30003,22 4840,30003",0,0
2024-08-29 17:19:10,141.0,4.7,4.89,4.61,27.0,1.0,2.0,"22,443 41120,41121 5345,41123 41124,1000 9001,41100 80,44818 30003,22 4840,30003",0,0
2024-08-29 17:19:20,140.0,4.67,4.87,4.61,27.0,1.0,2.0,"22,443 41120,41121 5345,41123 41124,1000 9001,41100 80,44818 30003,22 4840,30003",0,0
2024-08-29 17:19:31,140.0,4.88,4.91,4.62,27.0,1.0,2.0,"22,443 41120,41121 5345,41123 41124,1000 9001,41100 80,44818 30003,22 4840,30003",0,0
2024-08-29 17:19:41,140.0,4.83,4.9,4.62,27.0,1.0,2.0,"22,443 41120,41121 5345,41123 41124,1000 9001,41100 80,44818 30003,22 4840,30003",0,0
2024-08-29 17:19:52,140.0,4.78,4.89,4.62,27.0,1.0,2.0,"22,443 41120,41121 5345,41123 41124,1000 9001,41100 80,44818 30003,22 4840,30003",0,0
2024-08-29 17:20:02,142.0,4.82,4.89,4.63,27.0,1.0,2.0,"22,443 41120,41121 5345,41123 41124,1000 9001,41100 80,44818 30003,22 4840,30003",0,0
2024-08-29 17:20:13,140.0,4.77,4.88,4.63,27.0,1.0,2.0,"22,443 41120,41121 5345,41123 41124,1000 9001,41100 80,44818 30003,22 4840,30003",0,0
2024-08-29 17:20:24,140.0,5.21,4.97,4.66,27.0,1.0,2.0,"22,443 41120,41121 5345,41123 41124,1000 9001,41100 80,44818 30003,22 4840,30003",0,0
2024-08-29 17:20:34,140.0,5.25,4.98,4.67,27.0,1.0,2.0,"22,443 41120,41121 5345,41123 41124,1000 9001,41100 80,44818 30003,22 4840,30003",0,0
2024-08-29 17:20:45,140.0,5.21,4.98,4.67,27.0,1.0,2.0,"22,443 41120,41121 5345,41123 41124,1000 9001,41100 80,44818 30003,22 4840,30003",0,0
2024-08-29 17:20:55,141.0,5.18,4.99,4.67,27.0,1.0,2.0,"22,443 41120,41121 5345,41123 41124,1000 9001,41100 80,44818 30003,22 4840,30003",0,0
2024-08-29 17:21:06,141.0,5.22,5.0,4.68,27.0,1.0,2.0,"22,443 41120,41121 5345,41123 41124,1000 9001,41100 80,44818 30003,22 4840,30003",0,0
2024-08-29 17:21:16,140.0,5.25,5.02,4.69,27.0,1.0,2.0,"22,443 41120,41121 5345,41123 41124,1000 9001,41100 80,44818 30003,22 4840,30003",0,0
2024-08-29 17:21:27,141.0,5.22,5.02,4.7,27.0,1.0,2.0,"22,443 41120,41121 5345,41123 41124,1000 9001,41100 80,44818 30003,22 4840,30003",0,0
2024-08-29 17:21:37,142.0,5.11,5.0,4.7,27.0,1.0,2.0,"22,443 41120,41121 5345,41123 41124,1000 9001,41100 80,44818 30003,22 4840,30003",0,0
2024-08-29 17:21:48,142.0,5.01,4.98,4.69,27.0,1.0,2.0,"22,443 41120,41121 5345,41123 41124,1000 9001,41100 80,44818 30003,22 4840,30003",0,0
2024-08-29 17:21:59,142.0,5.02,4.98,4.7,27.0,2.0,2.0,"22,443 41120,41121 5345,41123 41124,1000 9001,41100 80,44818 30003,22 4840,30003",0,0
2024-08-29 17:22:09,142.0,5.38,5.07,4.73,27.0,2.0,2.0,"22,443 41120,41121 5345,41123 41124,1000 9001,41100 80,44818 30003,22 4840,30003",0,0
2024-08-29 17:22:20,141.0,5.55,5.11,4.75,27.0,2.0,2.0,"22,443 41120,41121 5345,41123 41124,1000 9001,41100 80,44818 30003,22 4840,30003",0,0
2024-08-29 17:22:30,141.0,5.39,5.09,4.74,27.0,2.0,2.0,"22,443 41120,41121 5345,41123 41124,1000 9001,41100 80,44818 30003,22 4840,30003",0,0
2024-08-29 17:22:41,141.0,5.25,5.07,4.74,27.0,2.0,2.0,"22,443 41120,41121 5345,41123 41124,1000 9001,41100 80,44818 30003,22 4840,30003",0,0
2024-08-29 17:22:51,141.0,5.21,5.07,4.74,27.0,2.0,2.0,"22,443 41120,41121 5345,41123 41124,1000 9001,41100 80,44818 30003,22 4840,30003",0,0
2024-08-29 17:23:02,143.0,5.69,5.18,4.79,27.0,2.0,2.0,"22,443 41120,41121 5345,41123 41124,1000 9001,41100 80,44818 30003,22 4840,30003",0,0
2024-08-29 17:23:13,141.0,5.43,5.14,4.78,27.0,2.0,2.0,"22,443 41120,41121 5345,41123 41124,1000 9001,41100 80,44818 30003,22 4840,30003",0,0
2024-08-29 17:23:23,145.0,5.21,5.1,4.77,27.0,2.0,2.0,"22,443 41120,41121 5345,41123 41124,1000 9001,41100 80,44818 30003,22 4840,30003",0,0
2024-08-29 17:23:34,144.0,5.25,5.12,4.78,27.0,2.0,2.0,"22,443 41120,41121 5345,41123 41124,1000 9001,41100 80,44818 30003,22 4840,30003",0,0
2024-08-29 17:23:44,144.0,5.21,5.11,4.78,27.0,2.0,2.0,"22,443 41120,41121 5345,41123 41124,1000 9001,41100 80,44818 30003,22 4840,30003",0,0
2024-08-29 17:23:55,144.0,5.1,5.09,4.78,27.0,2.0,2.0,"22,443 41120,41121 5345,41123 41124,1000 9001,41100 80,44818 30003,22 4840,30003",0,0
2024-08-29 17:24:05,145.0,5.4,5.16,4.8,27.0,2.0,2.0,"22,443 41120,41121 5345,41123 41124,1000 9001,41100 80,44818 30003,22 4840,30003",0,0
2024-08-29 17:24:16,144.0,5.35,5.15,4.8,27.0,2.0,2.0,"22,443 41120,41121 5345,41123 41124,1000 9001,41100 80,44818 30003,22 4840,30003",0,0
2024-08-29 17:24:26,144.0,5.21,5.13,4.8,27.0,2.0,2.0,"22,443 41120,41121 5345,41123 41124,1000 9001,41100 80,44818 30003,22 4840,30003",0,0
2024-08-29 17:24:37,145.0,5.15,5.12,4.8,27.0,2.0,2.0,"22,443 41120,41121 5345,41123 41124,1000 9001,41100 80,44818 30003,22 4840,30003",0,0
2024-08-29 17:24:47,144.0,5.2,5.13,4.81,27.0,2.0,2.0,"22,443 41120,41121 5345,41123 41124,1000 9001,41100 80,44818 30003,22 4840,30003",0,0
2024-08-29 17:24:58,144.0,5.01,5.1,4.8,27.0,2.0,2.0,"22,443 41120,41121 5345,41123 41124,1000 9001,41100 80,44818 30003,22 4840,30003",0,0
2024-08-29 17:25:08,145.0,5.08,5.11,4.81,27.0,2.0,2.0,"22,443 41120,41121 5345,41123 41124,1000 9001,41100 80,44818 30003,22 4840,30003",0,0
2024-08-29 17:25:19,144.0,5.07,5.1,4.81,27.0,2.0,2.0,"22,443 41120,41121 5345,41123 41124,1000 9001,41100 80,44818 30003,22 4840,30003",0,0
2024-08-29 17:25:29,144.0,4.91,5.07,4.81,27.0,2.0,2.0,"22,443 41120,41121 5345,41123 41124,1000 9001,41100 80,44818 30003,22 4840,30003",0,0
2024-08-29 17:25:40,144.0,4.84,5.05,4.8,27.0,2.0,2.0,"22,443 41120,41121 5345,41123 41124,1000 9001,41100 80,44818 30003,22 4840,30003",0,0
2024-08-29 17:25:50,145.0,4.86,5.05,4.8,27.0,2.0,2.0,"22,443 41120,41121 5345,41123 41124,1000 9001,41100 80,44818 30003,22 4840,30003",0,0
2024-08-29 17:26:01,145.0,4.8,5.03,4.8,27.0,2.0,2.0,"22,443 41120,41121 5345,41123 41124,1000 9001,41100 80,44818 30003,22 4840,30003",0,0
2024-08-29 17:26:12,145.0,5.42,5.16,4.85,27.0,2.0,2.0,"22,443 41120,41121 5345,41123 41124,1000 9001,41100 80,44818 30003,22 4840,30003",0,0
2024-08-29 17:26:22,145.0,5.46,5.18,4.86,27.0,2.0,2.0,"22,443 41120,41121 5345,41123 41124,1000 9001,41100 80,44818 30003,22 4840,30003",0,0
2024-08-29 17:26:33,145.0,5.39,5.17,4.86,27.0,2.0,2.0,"22,443 41120,41121 5345,41123 41124,1000 9001,41100 80,44818 30003,22 4840,30003",0,0
2024-08-29 17:26:43,145.0,5.25,5.15,4.86,27.0,2.0,2.0,"22,443 41120,41121 5345,41123 41124,1000 9001,41100 80,44818 30003,22 4840,30003",0,0
2024-08-29 17:26:53,145.0,5.45,5.2,4.88,27.0,2.0,2.0,"22,443 41120,41121 5345,41123 41124,1000 9001,41100 80,44818 30003,22 4840,30003",0,0
2024-08-29 17:27:04,145.0,5.54,5.22,4.89,27.0,2.0,2.0,"22,443 41120,41121 5345,41123 41124,1000 9001,41100 80,44818 30003,22 4840,30003",0,0
2024-08-29 17:27:14,145.0,5.39,5.2,4.89,27.0,2.0,2.0,"22,443 41120,41121 5345,41123 41124,1000 9001,41100 80,44818 30003,22 4840,30003",0,0
2024-08-29 17:27:25,145.0,5.25,5.18,4.88,27.0,2.0,2.0,"22,443 41120,41121 5345,41123 41124,1000 9001,41100 80,44818 30003,22 4840,30003",0,0
2024-08-29 17:27:35,145.0,5.29,5.19,4.89,27.0,2.0,2.0,"22,443 41120,41121 5345,41123 41124,1000 9001,41100 80,44818 30003,22 4840,30003",0,0
2024-08-29 17:27:46,145.0,5.09,5.15,4.88,27.0,2.0,2.0,"22,443 41120,41121 5345,41123 41124,1000 9001,41100 80,44818 30003,22 4840,30003",0,0
2024-08-29 17:27:57,145.0,5.0,5.13,4.87,27.0,2.0,2.0,"22,443 41120,41121 5345,41123 41124,1000 9001,41100 80,44818 30003,22 4840,30003",0,0
2024-08-29 17:28:07,145.0,5.28,5.18,4.9,27.0,2.0,2.0,"22,443 41120,41121 5345,41123 41124,1000 9001,41100 80,44818 30003,22 4840,30003",0,0
2024-08-29 17:28:18,145.0,5.24,5.18,4.9,27.0,2.0,2.0,"22,443 41120,41121 5345,41123 41124,1000 9001,41100 80,44818 30003,22 4840,30003",0,0
2024-08-29 17:28:28,145.0,5.13,5.15,4.9,27.0,2.0,2.0,"22,443 41120,41121 5345,41123 41124,1000 9001,41100 80,44818 30003,22 4840,30003",0,0
2024-08-29 17:28:39,145.0,5.11,5.15,4.9,27.0,2.0,2.0,"22,443 41120,41121 5345,41123 41124,1000 9001,41100 80,44818 30003,22 4840,30003",0,0
2024-08-29 17:28:49,145.0,5.24,5.18,4.91,27.0,2.0,2.0,"22,443 41120,41121 5345,41123 41124,1000 9001,41100 80,44818 30003,22 4840,30003",0,0
2024-08-29 17:29:00,145.0,5.13,5.15,4.91,27.0,2.0,2.0,"22,443 41120,41121 5345,41123 41124,1000 9001,41100 80,44818 30003,22 4840,30003",0,0
2024-08-29 17:29:10,145.0,5.18,5.16,4.91,27.0,2.0,2.0,"22,443 41120,41121 5345,41123 41124,1000 9001,41100 80,44818 30003,22 4840,30003",0,0
2024-08-29 17:29:21,145.0,5.08,5.14,4.91,27.0,2.0,2.0,"22,443 41120,41121 5345,41123 41124,1000 9001,41100 80,44818 30003,22 4840,30003",0,0
2024-08-29 17:29:31,145.0,5.07,5.14,4.91,27.0,2.0,2.0,"22,443 41120,41121 5345,41123 41124,1000 9001,41100 80,44818 30003,22 4840,30003",0,0
2024-08-29 17:29:42,145.0,4.91,5.1,4.9,27.0,2.0,2.0,"22,443 41120,41121 5345,41123 41124,1000 9001,41100 80,44818 30003,22 4840,30003",0,0
2024-08-29 17:29:52,145.0,4.77,5.06,4.89,27.0,2.0,2.0,"22,443 41120,41121 5345,41123 41124,1000 9001,41100 80,44818 30003,22 4840,30003",0,0
2024-08-29 17:30:03,145.0,4.97,5.09,4.9,27.0,2.0,2.0,"22,443 41120,41121 5345,41123 41124,1000 9001,41100 80,44818 30003,22 4840,30003",0,0
2024-08-29 17:30:13,145.0,4.89,5.07,4.9,27.0,2.0,2.0,"22,443 41120,41121 5345,41123 41124,1000 9001,41100 80,44818 30003,22 4840,30003",0,0
2024-08-29 17:30:24,145.0,4.99,5.09,4.91,27.0,2.0,2.0,"22,443 41120,41121 5345,41123 41124,1000 9001,41100 80,44818 30003,22 4840,30003",0,0
2024-08-29 17:30:34,145.0,4.92,5.07,4.9,27.0,2.0,2.0,"22,443 41120,41121 5345,41123 41124,1000 9001,41100 80,44818 30003,22 4840,30003",0,0
2024-08-29 17:30:45,145.0,4.85,5.05,4.9,27.0,2.0,2.0,"22,443 41120,41121 5345,41123 41124,1000 9001,41100 80,44818 30003,22 4840,30003",0,0
2024-08-29 17:30:55,145.0,4.87,5.05,4.9,27.0,2.0,2.0,"22,443 41120,41121 5345,41123 41124,1000 9001,41100 80,44818 30003,22 4840,30003",0,0
2024-08-29 17:31:06,145.0,5.05,5.08,4.91,27.0,2.0,2.0,"22,443 41120,41121 5345,41123 41124,1000 9001,41100 80,44818 30003,22 4840,30003",0,0
2024-08-29 17:31:16,145.0,4.89,5.04,4.9,27.0,2.0,2.0,"22,443 41120,41121 5345,41123 41124,1000 9001,41100 80,44818 30003,22 4840,30003",0,0
2024-08-29 17:31:27,145.0,4.82,5.02,4.9,27.0,2.0,2.0,"22,443 41120,41121 5345,41123 41124,1000 9001,41100 80,44818 30003,22 4840,30003",0,0
2024-08-29 17:31:37,145.0,4.77,5.01,4.9,27.0,2.0,2.0,"22,443 41120,41121 5345,41123 41124,1000 9001,41100 80,44818 30003,22 4840,30003",0,0
2024-08-29 17:31:48,145.0,4.8,5.0,4.9,27.0,2.0,2.0,"22,443 41120,41121 5345,41123 41124,1000 9001,41100 80,44818 30003,22 4840,30003",0,0
2024-08-29 17:31:58,145.0,4.75,4.99,4.89,27.0,2.0,2.0,"22,443 41120,41121 5345,41123 41124,1000 9001,41100 80,44818 30003,22 4840,30003",0,0
2024-08-29 17:32:09,145.0,4.87,5.0,4.9,27.0,2.0,2.0,"22,443 41120,41121 5345,41123 41124,1000 9001,41100 80,44818 30003,22 4840,30003",0,0
2024-08-29 17:32:19,145.0,4.98,5.02,4.91,27.0,2.0,2.0,"22,443 41120,41121 5345,41123 41124,1000 9001,41100 80,44818 30003,22 4840,30003",0,0
2024-08-29 17:32:30,145.0,4.91,5.0,4.9,27.0,2.0,2.0,"22,443 41120,41121 5345,41123 41124,1000 9001,41100 80,44818 30003,22 4840,30003",0,0
2024-08-29 17:32:40,145.0,4.77,4.97,4.89,27.0,2.0,2.0,"22,443 41120,41121 5345,41123 41124,1000 9001,41100 80,44818 30003,22 4840,30003",0,0
2024-08-29 17:32:51,145.0,4.88,4.99,4.9,27.0,2.0,2.0,"22,443 41120,41121 5345,41123 41124,1000 9001,41100 80,44818 30003,22 4840,30003",0,0
2024-08-29 17:33:01,149.0,4.82,4.97,4.9,27.0,2.0,2.0,"22,443 41120,41121 5345,41123 41124,1000 9001,41100 80,44818 30003,22 4840,30003",0,0
2024-08-29 17:33:13,145.0,4.84,4.97,4.9,27.0,2.0,2.0,"22,443 41120,41121 5345,41123 41124,1000 9001,41100 80,44818 30003,22 4840,30003",0,0
2024-08-29 17:33:23,145.0,4.86,4.97,4.9,27.0,2.0,2.0,"22,443 41120,41121 5345,41123 41124,1000 9001,41100 80,44818 30003,22 4840,30003",0,0
2024-08-29 17:33:34,145.0,4.81,4.96,4.9,27.0,2.0,2.0,"22,443 41120,41121 5345,41123 41124,1000 9001,41100 80,44818 30003,22 4840,30003",0,0
2024-08-29 17:33:44,145.0,4.76,4.94,4.89,27.0,2.0,2.0,"22,443 41120,41121 5345,41123 41124,1000 9001,41100 80,44818 30003,22 4840,30003",0,0
2024-08-29 17:33:55,145.0,4.8,4.94,4.89,27.0,2.0,2.0,"22,443 41120,41121 5345,41123 41124,1000 9001,41100 80,44818 30003,22 4840,30003",0,0
2024-08-29 17:34:05,146.0,4.75,4.93,4.89,27.0,2.0,2.0,"22,443 41120,41121 5345,41123 41124,1000 9001,41100 80,44818 30003,22 4840,30003",0,0
2024-08-29 17:34:16,145.0,4.79,4.93,4.89,27.0,2.0,2.0,"22,443 41120,41121 5345,41123 41124,1000 9001,41100 80,44818 30003,22 4840,30003",0,0
2024-08-29 17:34:26,145.0,4.89,4.95,4.9,27.0,2.0,2.0,"22,443 41120,41121 5345,41123 41124,1000 9001,41100 80,44818 30003,22 4840,30003",0,0
2024-08-29 17:34:37,145.0,4.9,4.95,4.9,27.0,2.0,2.0,"22,443 41120,41121 5345,41123 41124,1000 9001,41100 80,44818 30003,22 4840,30003",0,0
2024-08-29 17:34:47,145.0,4.76,4.92,4.89,27.0,2.0,2.0,"22,443 41120,41121 5345,41123 41124,1000 9001,41100 80,44818 30003,22 4840,30003",0,0
2024-08-29 17:34:58,145.0,4.64,4.89,4.88,27.0,2.0,2.0,"22,443 41120,41121 5345,41123 41124,1000 9001,41100 80,44818 30003,22 4840,30003",0,0
2024-08-29 17:35:08,146.0,4.65,4.88,4.88,27.0,2.0,2.0,"22,443 41120,41121 5345,41123 41124,1000 9001,41100 80,44818 30003,22 4840,30003",0,0
2024-08-29 17:35:19,145.0,4.55,4.85,4.87,27.0,2.0,2.0,"22,443 41120,41121 5345,41123 41124,1000 9001,41100 80,44818 30003,22 4840,30003",0,0
2024-08-29 17:35:29,146.0,4.54,4.84,4.87,27.0,2.0,2.0,"22,443 41120,41121 5345,41123 41124,1000 9001,41100 80,44818 30003,22 4840,30003",0,0
2024-08-29 17:35:40,145.0,4.68,4.86,4.87,27.0,2.0,2.0,"22,443 41120,41121 5345,41123 41124,1000 9001,41100 80,44818 30003,22 4840,30003",0,0
2024-08-29 17:35:50,145.0,4.65,4.85,4.87,27.0,2.0,2.0,"22,443 41120,41121 5345,41123 41124,1000 9001,41100 80,44818 30003,22 4840,30003",0,0
2024-08-29 17:36:01,146.0,4.63,4.84,4.86,27.0,2.0,2.0,"22,443 41120,41121 5345,41123 41124,1000 9001,41100 80,44818 30003,22 4840,30003",0,0
2024-08-29 17:36:11,146.0,5.0,4.91,4.89,27.0,2.0,2.0,"22,443 41120,41121 5345,41123 41124,1000 9001,41100 80,44818 30003,22 4840,30003",0,0
2024-08-29 17:36:22,146.0,4.92,4.89,4.88,27.0,2.0,2.0,"22,443 41120,41121 5345,41123 41124,1000 9001,41100 80,44818 30003,22 4840,30003",0,0
2024-08-29 17:36:32,145.0,4.93,4.9,4.89,27.0,2.0,2.0,"22,443 41120,41121 5345,41123 41124,1000 9001,41100 80,44818 30003,22 4840,30003",0,0
2024-08-29 17:36:43,145.0,4.87,4.89,4.88,27.0,2.0,2.0,"22,443 41120,41121 5345,41123 41124,1000 9001,41100 80,44818 30003,22 4840,30003",0,0
2024-08-29 17:36:53,145.0,4.89,4.89,4.88,27.0,2.0,2.0,"22,443 41120,41121 5345,41123 41124,1000 9001,41100 80,44818 30003,22 4840,30003",0,0
2024-08-29 17:37:04,146.0,4.91,4.89,4.89,27.0,2.0,2.0,"22,443 41120,41121 5345,41123 41124,1000 9001,41100 80,44818 30003,22 4840,30003",0,0
2024-08-29 17:37:14,146.0,4.99,4.91,4.89,27.0,2.0,2.0,"22,443 41120,41121 5345,41123 41124,1000 9001,41100 80,44818 30003,22 4840,30003",0,0
2024-08-29 17:37:25,146.0,4.92,4.9,4.89,27.0,2.0,2.0,"22,443 41120,41121 5345,41123 41124,1000 9001,41100 80,44818 30003,22 4840,30003",0,0
2024-08-29 17:37:35,146.0,5.01,4.92,4.9,27.0,2.0,2.0,"22,443 41120,41121 5345,41123 41124,1000 9001,41100 80,44818 30003,22 4840,30003",0,0
2024-08-29 17:37:46,146.0,5.17,4.96,4.91,27.0,2.0,2.0,"22,443 41120,41121 5345,41123 41124,1000 9001,41100 80,44818 30003,22 4840,30003",0,0
2024-08-29 17:37:56,146.0,5.07,4.94,4.91,27.0,2.0,2.0,"22,443 41120,41121 5345,41123 41124,1000 9001,41100 80,44818 30003,22 4840,30003",0,0
2024-08-29 17:38:07,146.0,5.06,4.94,4.91,27.0,2.0,2.0,"22,443 41120,41121 5345,41123 41124,1000 9001,41100 80,44818 30003,22 4840,30003",0,0
2024-08-29 17:38:17,146.0,4.89,4.91,4.9,27.0,2.0,2.0,"22,443 41120,41121 5345,41123 41124,1000 9001,41100 80,44818 30003,22 4840,30003",0,0
2024-08-29 17:38:28,146.0,4.91,4.92,4.9,27.0,2.0,2.0,"22,443 41120,41121 5345,41123 41124,1000 9001,41100 80,44818 30003,22 4840,30003",0,0
2024-08-29 17:38:38,146.0,4.92,4.92,4.9,27.0,2.0,2.0,"22,443 41120,41121 5345,41123 41124,1000 9001,41100 80,44818 30003,22 4840,30003",0,0
2024-08-29 17:38:49,146.0,4.78,4.89,4.89,27.0,2.0,2.0,"22,443 41120,41121 5345,41123 41124,1000 9001,41100 80,44818 30003,22 4840,30003",0,0
2024-08-29 17:38:59,146.0,4.88,4.91,4.9,27.0,2.0,2.0,"22,443 41120,41121 5345,41123 41124,1000 9001,41100 80,44818 30003,22 4840,30003",0,0
2024-08-29 17:39:10,146.0,4.9,4.91,4.9,27.0,2.0,2.0,"22,443 41120,41121 5345,41123 41124,1000 9001,41100 80,44818 30003,22 4840,30003",0,0
2024-08-29 17:39:20,146.0,4.92,4.91,4.9,27.0,2.0,2.0,"22,443 41120,41121 5345,41123 41124,1000 9001,41100 80,44818 30003,22 4840,30003",0,0
2024-08-29 17:39:31,146.0,4.77,4.88,4.89,27.0,2.0,2.0,"22,443 41120,41121 5345,41123 41124,1000 9001,41100 80,44818 30003,22 4840,30003",0,0
2024-08-29 17:39:41,146.0,4.88,4.9,4.9,27.0,2.0,2.0,"22,443 41120,41121 5345,41123 41124,1000 9001,41100 80,44818 30003,22 4840,30003",0,0
2024-08-29 17:39:52,146.0,4.98,4.92,4.91,27.0,2.0,2.0,"22,443 41120,41121 5345,41123 41124,1000 9001,41100 80,44818 30003,22 4840,30003",0,0
2024-08-29 17:40:02,147.0,4.91,4.91,4.9,27.0,2.0,2.0,"22,443 41120,41121 5345,41123 41124,1000 9001,41100 80,44818 30003,22 4840,30003",0,0
2024-08-29 17:40:13,146.0,4.92,4.91,4.91,27.0,2.0,2.0,"22,443 41120,41121 5345,41123 41124,1000 9001,41100 80,44818 30003,22 4840,30003",0,0
2024-08-29 17:40:24,146.0,5.28,5.0,4.93,27.0,2.0,2.0,"22,443 41120,41121 5345,41123 41124,1000 9001,41100 80,44818 30003,22 4840,30003",0,0
2024-08-29 17:40:34,146.0,5.32,5.02,4.94,27.0,2.0,2.0,"22,443 41120,41121 5345,41123 41124,1000 9001,41100 80,44818 30003,22 4840,30003",0,0
2024-08-29 17:40:45,146.0,5.19,5.0,4.94,27.0,2.0,2.0,"22,443 41120,41121 5345,41123 41124,1000 9001,41100 80,44818 30003,22 4840,30003",0,0
2024-08-29 17:40:55,146.0,5.16,5.0,4.94,27.0,2.0,2.0,"22,443 41120,41121 5345,41123 41124,1000 9001,41100 80,44818 30003,22 4840,30003",0,0
2024-08-29 17:41:06,146.0,5.05,4.98,4.93,27.0,2.0,2.0,"22,443 41120,41121 5345,41123 41124,1000 9001,41100 80,44818 30003,22 4840,30003",0,0
2024-08-29 17:41:16,146.0,5.2,5.02,4.94,27.0,2.0,2.0,"22,443 41120,41121 5345,41123 41124,1000 9001,41100 80,44818 30003,22 4840,30003",0,0
2024-08-29 17:41:27,146.0,5.1,5.0,4.94,27.0,2.0,2.0,"22,443 41120,41121 5345,41123 41124,1000 9001,41100 80,44818 30003,22 4840,30003",0,0
2024-08-29 17:41:37,146.0,5.23,5.03,4.95,27.0,2.0,2.0,"22,443 41120,41121 5345,41123 41124,1000 9001,41100 80,44818 30003,22 4840,30003",0,0
2024-08-29 17:41:48,146.0,5.35,5.06,4.96,27.0,2.0,2.0,"22,443 41120,41121 5345,41123 41124,1000 9001,41100 80,44818 30003,22 4840,30003",0,0
2024-08-29 17:41:58,146.0,5.54,5.11,4.98,27.0,2.0,2.0,"22,443 41120,41121 5345,41123 41124,1000 9001,41100 80,44818 30003,22 4840,30003",0,0
2024-08-29 17:42:09,146.0,5.41,5.11,4.98,27.0,2.0,2.0,"22,443 41120,41121 5345,41123 41124,1000 9001,41100 80,44818 30003,22 4840,30003",0,0
2024-08-29 17:42:19,146.0,5.2,5.07,4.97,27.0,2.0,2.0,"22,443 41120,41121 5345,41123 41124,1000 9001,41100 80,44818 30003,22 4840,30003",0,0
2024-08-29 17:42:30,146.0,5.09,5.05,4.96,27.0,2.0,2.0,"22,443 41120,41121 5345,41123 41124,1000 9001,41100 80,44818 30003,22 4840,30003",0,0
2024-08-29 17:42:40,146.0,5.0,5.03,4.96,27.0,2.0,2.0,"22,443 41120,41121 5345,41123 41124,1000 9001,41100 80,44818 30003,22 4840,30003",0,0
2024-08-29 17:42:51,146.0,4.93,5.01,4.95,27.0,2.0,2.0,"22,443 41120,41121 5345,41123 41124,1000 9001,41100 80,44818 30003,22 4840,30003",0,0
2024-08-29 17:43:01,146.0,5.02,5.03,4.96,27.0,2.0,2.0,"22,443 41120,41121 5345,41123 41124,1000 9001,41100 80,44818 30003,22 4840,30003",0,0
2024-08-29 17:43:13,146.0,5.02,5.03,4.96,27.0,2.0,2.0,"22,443 41120,41121 5345,41123 41124,1000 9001,41100 80,44818 30003,22 4840,30003",0,0
2024-08-29 17:43:23,146.0,4.86,4.99,4.95,27.0,2.0,2.0,"22,443 41120,41121 5345,41123 41124,1000 9001,41100 80,44818 30003,22 4840,30003",0,0
2024-08-29 17:43:34,146.0,4.81,4.98,4.95,27.0,2.0,2.0,"22,443 41120,41121 5345,41123 41124,1000 9001,41100 80,44818 30003,22 4840,30003",0,0
2024-08-29 17:43:44,146.0,4.91,4.99,4.95,27.0,2.0,2.0,"22,443 41120,41121 5345,41123 41124,1000 9001,41100 80,44818 30003,22 4840,30003",0,0
2024-08-29 17:43:55,146.0,4.84,4.98,4.95,27.0,2.0,2.0,"22,443 41120,41121 5345,41123 41124,1000 9001,41100 80,44818 30003,22 4840,30003",0,0
2024-08-29 17:44:05,146.0,4.71,4.95,4.94,27.0,2.0,2.0,"22,443 41120,41121 5345,41123 41124,1000 9001,41100 80,44818 30003,22 4840,30003",0,0
2024-08-29 17:44:16,146.0,4.76,4.95,4.94,27.0,2.0,2.0,"22,443 41120,41121 5345,41123 41124,1000 9001,41100 80,44818 30003,22 4840,30003",0,0
2024-08-29 17:44:26,146.0,4.64,4.92,4.93,27.0,2.0,2.0,"22,443 41120,41121 5345,41123 41124,1000 9001,41100 80,44818 30003,22 4840,30003",0,0
2024-08-29 17:44:37,146.0,4.7,4.92,4.93,27.0,2.0,2.0,"22,443 41120,41121 5345,41123 41124,1000 9001,41100 80,44818 30003,22 4840,30003",0,0
2024-08-29 17:44:47,146.0,4.59,4.89,4.92,27.0,2.0,2.0,"22,443 41120,41121 5345,41123 41124,1000 9001,41100 80,44818 30003,22 4840,30003",0,0
2024-08-29 17:44:58,146.0,4.58,4.87,4.91,27.0,2.0,2.0,"22,443 41120,41121 5345,41123 41124,1000 9001,41100 80,44818 30003,22 4840,30003",0,0
2024-08-29 17:45:08,146.0,4.63,4.88,4.91,27.0,2.0,2.0,"22,443 41120,41121 5345,41123 41124,1000 9001,41100 80,44818 30003,22 4840,30003",0,0
2024-08-29 17:45:19,146.0,4.84,4.92,4.92,27.0,2.0,2.0,"22,443 41120,41121 5345,41123 41124,1000 9001,41100 80,44818 30003,22 4840,30003",0,0
2024-08-29 17:45:29,146.0,4.8,4.9,4.92,27.0,2.0,2.0,"22,443 41120,41121 5345,41123 41124,1000 9001,41100 80,44818 30003,22 4840,30003",0,0
2024-08-29 17:45:40,147.0,4.76,4.89,4.91,27.0,2.0,2.0,"22,443 41120,41121 5345,41123 41124,1000 9001,41100 80,44818 30003,22 4840,30003",0,0
2024-08-29 17:45:50,146.0,4.64,4.86,4.9,27.0,2.0,2.0,"22,443 41120,41121 5345,41123 41124,1000 9001,41100 80,44818 30003,22 4840,30003",0,0
2024-08-29 17:46:01,152.0,4.62,4.85,4.9,27.0,2.0,2.0,"22,443 41120,41121 5345,41123 41124,1000 9001,41100 80,44818 30003,22 4840,30003",0,0
2024-08-29 17:46:12,146.0,4.61,4.84,4.9,27.0,2.0,2.0,"22,443 41120,41121 5345,41123 41124,1000 9001,41100 80,44818 30003,22 4840,30003",0,0
2024-08-29 17:46:23,146.0,4.67,4.84,4.9,27.0,2.0,2.0,"22,443 41120,41121 5345,41123 41124,1000 9001,41100 80,44818 30003,22 4840,30003",0,0
2024-08-29 17:46:33,146.0,4.71,4.85,4.9,27.0,2.0,2.0,"22,443 41120,41121 5345,41123 41124,1000 9001,41100 80,44818 30003,22 4840,30003",0,0
2024-08-29 17:46:44,146.0,4.76,4.85,4.9,27.0,2.0,2.0,"22,443 41120,41121 5345,41123 41124,1000 9001,41100 80,44818 30003,22 4840,30003",0,0
2024-08-29 17:46:54,147.0,4.88,4.88,4.91,27.0,2.0,2.0,"22,443 41120,41121 5345,41123 41124,1000 9001,41100 80,44818 30003,22 4840,30003",0,0
2024-08-29 17:47:05,147.0,4.96,4.9,4.92,27.0,2.0,2.0,"22,443 41120,41121 5345,41123 41124,1000 9001,41100 80,44818 30003,22 4840,30003",0,0
2024-08-29 17:47:15,146.0,4.82,4.87,4.9,27.0,2.0,2.0,"22,443 41120,41121 5345,41123 41124,1000 9001,41100 80,44818 30003,22 4840,30003",0,0
2024-08-29 17:47:26,146.0,4.76,4.86,4.9,27.0,2.0,2.0,"22,443 41120,41121 5345,41123 41124,1000 9001,41100 80,44818 30003,22 4840,30003",0,0
2024-08-29 17:47:36,146.0,4.65,4.83,4.89,27.0,2.0,2.0,"22,443 41120,41121 5345,41123 41124,1000 9001,41100 80,44818 30003,22 4840,30003",0,0
2024-08-29 17:47:47,146.0,4.55,4.8,4.88,27.0,2.0,2.0,"22,443 41120,41121 5345,41123 41124,1000 9001,41100 80,44818 30003,22 4840,30003",0,0
2024-08-29 17:47:57,147.0,4.46,4.77,4.87,27.0,2.0,2.0,"22,443 41120,41121 5345,41123 41124,1000 9001,41100 80,44818 30003,22 4840,30003",0,0
2024-08-29 17:48:08,147.0,4.46,4.76,4.87,27.0,2.0,2.0,"22,443 41120,41121 5345,41123 41124,1000 9001,41100 80,44818 30003,22 4840,30003",0,0
2024-08-29 17:48:18,147.0,4.47,4.75,4.86,27.0,2.0,2.0,"22,443 41120,41121 5345,41123 41124,1000 9001,41100 80,44818 30003,22 4840,30003",0,0
2024-08-29 17:48:29,146.0,4.62,4.78,4.87,27.0,2.0,2.0,"22,443 41120,41121 5345,41123 41124,1000 9001,41100 80,44818 30003,22 4840,30003",0,0
2024-08-29 17:48:39,147.0,4.76,4.8,4.88,27.0,2.0,2.0,"22,443 41120,41121 5345,41123 41124,1000 9001,41100 80,44818 30003,22 4840,30003",0,0
2024-08-29 17:48:50,147.0,4.74,4.8,4.88,27.0,2.0,2.0,"22,443 41120,41121 5345,41123 41124,1000 9001,41100 80,44818 30003,22 4840,30003",0,0
2024-08-29 17:49:00,147.0,4.63,4.77,4.87,27.0,2.0,2.0,"22,443 41120,41121 5345,41123 41124,1000 9001,41100 80,44818 30003,22 4840,30003",0,0
2024-08-29 17:49:11,147.0,4.61,4.76,4.86,27.0,2.0,2.0,"22,443 41120,41121 5345,41123 41124,1000 9001,41100 80,44818 30003,22 4840,30003",0,0
2024-08-29 17:49:21,147.0,4.81,4.8,4.87,27.0,2.0,2.0,"22,443 41120,41121 5345,41123 41124,1000 9001,41100 80,44818 30003,22 4840,30003",0,0
2024-08-29 17:49:32,146.0,4.84,4.81,4.88,27.0,2.0,2.0,"22,443 41120,41121 5345,41123 41124,1000 9001,41100 80,44818 30003,22 4840,30003",0,0
2024-08-29 17:49:42,147.0,4.71,4.78,4.87,27.0,2.0,2.0,"22,443 41120,41121 5345,41123 41124,1000 9001,41100 80,44818 30003,22 4840,30003",0,0
2024-08-29 17:49:53,147.0,4.68,4.77,4.86,27.0,2.0,2.0,"22,443 41120,41121 5345,41123 41124,1000 9001,41100 80,44818 30003,22 4840,30003",0,0
2024-08-29 17:50:03,147.0,4.73,4.78,4.86,27.0,2.0,2.0,"22,443 41120,41121 5345,41123 41124,1000 9001,41100 80,44818 30003,22 4840,30003",0,0
2024-08-29 17:50:14,147.0,4.69,4.77,4.86,27.0,2.0,2.0,"22,443 41120,41121 5345,41123 41124,1000 9001,41100 80,44818 30003,22 4840,30003",0,0
2024-08-29 17:50:24,147.0,4.8,4.79,4.87,27.0,2.0,2.0,"22,443 41120,41121 5345,41123 41124,1000 9001,41100 80,44818 30003,22 4840,30003",0,0
2024-08-29 17:50:35,147.0,4.92,4.82,4.88,27.0,2.0,2.0,"22,443 41120,41121 5345,41123 41124,1000 9001,41100 80,44818 30003,22 4840,30003",0,0
2024-08-29 17:50:46,147.0,4.85,4.81,4.87,27.0,2.0,2.0,"22,443 41120,41121 5345,41123 41124,1000 9001,41100 80,44818 30003,22 4840,30003",0,0
2024-08-29 17:50:56,147.0,4.72,4.78,4.86,27.0,2.0,2.0,"22,443 41120,41121 5345,41123 41124,1000 9001,41100 80,44818 30003,22 4840,30003",0,0
2024-08-29 17:51:07,147.0,4.61,4.76,4.85,27.0,2.0,2.0,"22,443 41120,41121 5345,41123 41124,1000 9001,41100 80,44818 30003,22 4840,30003",0,0
2024-08-29 17:51:17,147.0,4.83,4.8,4.86,27.0,2.0,2.0,"22,443 41120,41121 5345,41123 41124,1000 9001,41100 80,44818 30003,22 4840,30003",0,0
2024-08-29 17:51:28,147.0,4.77,4.79,4.86,27.0,2.0,2.0,"22,443 41120,41121 5345,41123 41124,1000 9001,41100 80,44818 30003,22 4840,30003",0,0
2024-08-29 17:51:38,147.0,4.65,4.76,4.85,27.0,2.0,2.0,"22,443 41120,41121 5345,41123 41124,1000 9001,41100 80,44818 30003,22 4840,30003",0,0
2024-08-29 17:51:49,147.0,4.71,4.77,4.85,27.0,2.0,2.0,"22,443 41120,41121 5345,41123 41124,1000 9001,41100 80,44818 30003,22 4840,30003",0,0
2024-08-29 17:51:59,147.0,4.75,4.78,4.85,27.0,2.0,2.0,"22,443 41120,41121 5345,41123 41124,1000 9001,41100 80,44818 30003,22 4840,30003",0,0
2024-08-29 17:52:10,147.0,5.24,4.88,4.89,27.0,2.0,2.0,"22,443 41120,41121 5345,41123 41124,1000 9001,41100 80,44818 30003,22 4840,30003",0,0
2024-08-29 17:52:20,147.0,5.26,4.91,4.9,27.0,2.0,2.0,"22,443 41120,41121 5345,41123 41124,1000 9001,41100 80,44818 30003,22 4840,30003",0,0
2024-08-29 17:52:31,147.0,5.14,4.89,4.89,27.0,2.0,2.0,"22,443 41120,41121 5345,41123 41124,1000 9001,41100 80,44818 30003,22 4840,30003",0,0
2024-08-29 17:52:41,147.0,5.04,4.88,4.89,27.0,2.0,2.0,"22,443 41120,41121 5345,41123 41124,1000 9001,41100 80,44818 30003,22 4840,30003",0,0
2024-08-29 17:52:52,147.0,5.04,4.88,4.89,27.0,2.0,2.0,"22,443 41120,41121 5345,41123 41124,1000 9001,41100 80,44818 30003,22 4840,30003",0,0
2024-08-29 17:53:02,149.0,4.96,4.87,4.89,27.0,2.0,2.0,"22,443 41120,41121 5345,41123 41124,1000 9001,41100 80,44818 30003,22 4840,30003",0,0
2024-08-29 17:53:13,147.0,4.89,4.86,4.88,27.0,2.0,2.0,"22,443 41120,41121 5345,41123 41124,1000 9001,41100 80,44818 30003,22 4840,30003",0,0
2024-08-29 17:53:23,147.0,4.91,4.86,4.89,27.0,2.0,2.0,"22,443 41120,41121 5345,41123 41124,1000 9001,41100 80,44818 30003,22 4840,30003",0,0
2024-08-29 17:53:34,147.0,4.85,4.85,4.88,27.0,2.0,2.0,"22,443 41120,41121 5345,41123 41124,1000 9001,41100 80,44818 30003,22 4840,30003",0,0
2024-08-29 17:53:44,147.0,4.8,4.84,4.88,28.0,2.0,2.0,"22,443 41120,41121 5345,41123 41124,1000 9001,41100 80,44818 30003,22 4840,30003",0,0
2024-08-29 17:53:55,147.0,4.83,4.85,4.88,28.0,2.0,2.0,"22,443 41120,41121 5345,41123 41124,1000 9001,41100 80,44818 30003,22 4840,30003",0,0
2024-08-29 17:54:06,147.0,4.93,4.87,4.89,28.0,2.0,2.0,"22,443 41120,41121 5345,41123 41124,1000 9001,41100 80,44818 30003,22 4840,30003",0,0
2024-08-29 17:54:16,147.0,4.79,4.84,4.88,28.0,2.0,2.0,"22,443 41120,41121 5345,41123 41124,1000 9001,41100 80,44818 30003,22 4840,30003",0,0
2024-08-29 17:54:27,147.0,4.91,4.86,4.88,28.0,2.0,2.0,"22,443 41120,41121 5345,41123 41124,1000 9001,41100 80,44818 30003,22 4840,30003",0,0
2024-08-29 17:54:37,147.0,4.85,4.85,4.88,28.0,2.0,2.0,"22,443 41120,41121 5345,41123 41124,1000 9001,41100 80,44818 30003,22 4840,30003",0,0
2024-08-29 17:54:48,147.0,4.79,4.84,4.88,28.0,2.0,2.0,"22,443 41120,41121 5345,41123 41124,1000 9001,41100 80,44818 30003,22 4840,30003",0,0
2024-08-29 17:54:58,147.0,4.83,4.85,4.88,28.0,2.0,2.0,"22,443 41120,41121 5345,41123 41124,1000 9001,41100 80,44818 30003,22 4840,30003",0,0
2024-08-29 17:55:09,147.0,4.78,4.83,4.87,28.0,2.0,2.0,"22,443 41120,41121 5345,41123 41124,1000 9001,41100 80,44818 30003,22 4840,30003",0,0
2024-08-29 17:55:19,147.0,4.74,4.82,4.87,28.0,2.0,2.0,"22,443 41120,41121 5345,41123 41124,1000 9001,41100 80,44818 30003,22 4840,30003",0,0
2024-08-29 17:55:30,147.0,4.94,4.86,4.88,28.0,2.0,2.0,"22,443 41120,41121 5345,41123 41124,1000 9001,41100 80,44818 30003,22 4840,30003",0,0
2024-08-29 17:55:40,147.0,4.8,4.83,4.87,28.0,2.0,2.0,"22,443 41120,41121 5345,41123 41124,1000 9001,41100 80,44818 30003,22 4840,30003",0,0
2024-08-29 17:55:51,147.0,4.85,4.84,4.88,28.0,2.0,2.0,"22,443 41120,41121 5345,41123 41124,1000 9001,41100 80,44818 30003,22 4840,30003",0,0
2024-08-29 17:56:01,147.0,4.72,4.81,4.87,28.0,2.0,2.0,"22,443 41120,41121 5345,41123 41124,1000 9001,41100 80,44818 30003,22 4840,30003",0,0
2024-08-29 17:56:13,147.0,4.68,4.8,4.86,28.0,2.0,2.0,"22,443 41120,41121 5345,41123 41124,1000 9001,41100 80,44818 30003,22 4840,30003",0,0
2024-08-29 17:56:23,147.0,4.72,4.81,4.86,28.0,2.0,2.0,"22,443 41120,41121 5345,41123 41124,1000 9001,41100 80,44818 30003,22 4840,30003",0,0
2024-08-29 17:56:34,147.0,4.69,4.8,4.86,28.0,2.0,2.0,"22,443 41120,41121 5345,41123 41124,1000 9001,41100 80,44818 30003,22 4840,30003",0,0
2024-08-29 17:56:44,147.0,4.58,4.77,4.85,28.0,2.0,2.0,"22,443 41120,41121 5345,41123 41124,1000 9001,41100 80,44818 30003,22 4840,30003",0,0
2024-08-29 17:56:55,147.0,4.57,4.76,4.85,28.0,2.0,2.0,"22,443 41120,41121 5345,41123 41124,1000 9001,41100 80,44818 30003,22 4840,30003",0,0
2024-08-29 17:57:05,147.0,4.63,4.77,4.85,28.0,2.0,2.0,"22,443 41120,41121 5345,41123 41124,1000 9001,41100 80,44818 30003,22 4840,30003",0,0
2024-08-29 17:57:16,147.0,5.01,4.85,4.87,28.0,2.0,2.0,"22,443 41120,41121 5345,41123 41124,1000 9001,41100 80,44818 30003,22 4840,30003",0,0
2024-08-29 17:57:26,147.0,4.93,4.84,4.87,28.0,2.0,2.0,"22,443 41120,41121 5345,41123 41124,1000 9001,41100 80,44818 30003,22 4840,30003",0,0
2024-08-29 17:57:37,147.0,4.94,4.84,4.87,28.0,2.0,2.0,"22,443 41120,41121 5345,41123 41124,1000 9001,41100 80,44818 30003,22 4840,30003",0,0
2024-08-29 17:57:47,147.0,5.03,4.87,4.88,28.0,2.0,2.0,"22,443 41120,41121 5345,41123 41124,1000 9001,41100 80,44818 30003,22 4840,30003",0,0
2024-08-29 17:57:58,147.0,5.02,4.87,4.88,28.0,2.0,2.0,"22,443 41120,41121 5345,41123 41124,1000 9001,41100 80,44818 30003,22 4840,30003",0,0
2024-08-29 17:58:08,147.0,4.93,4.86,4.87,28.0,2.0,2.0,"22,443 41120,41121 5345,41123 41124,1000 9001,41100 80,44818 30003,22 4840,30003",0,0
2024-08-29 17:58:19,147.0,4.86,4.85,4.87,28.0,2.0,2.0,"22,443 41120,41121 5345,41123 41124,1000 9001,41100 80,44818 30003,22 4840,30003",0,0
2024-08-29 17:58:29,147.0,4.81,4.83,4.87,28.0,2.0,2.0,"22,443 41120,41121 5345,41123 41124,1000 9001,41100 80,44818 30003,22 4840,30003",0,0
2024-08-29 17:58:40,147.0,4.77,4.82,4.86,28.0,2.0,2.0,"22,443 41120,41121 5345,41123 41124,1000 9001,41100 80,44818 30003,22 4840,30003",0,0
2024-08-29 17:58:50,147.0,4.8,4.83,4.86,28.0,2.0,2.0,"22,443 41120,41121 5345,41123 41124,1000 9001,41100 80,44818 30003,22 4840,30003",0,0
2024-08-29 17:59:01,152.0,4.91,4.85,4.87,28.0,2.0,2.0,"22,443 41120,41121 5345,41123 41124,1000 9001,41100 80,44818 30003,22 4840,30003",0,0
2024-08-29 17:59:13,147.0,5.0,4.88,4.88,28.0,2.0,2.0,"22,443 41120,41121 5345,41123 41124,1000 9001,41100 80,44818 30003,22 4840,30003",0,0
2024-08-29 17:59:23,147.0,5.0,4.88,4.88,28.0,2.0,2.0,"22,443 41120,41121 5345,41123 41124,1000 9001,41100 80,44818 30003,22 4840,30003",0,0
2024-08-29 17:59:34,147.0,4.92,4.87,4.88,28.0,2.0,2.0,"22,443 41120,41121 5345,41123 41124,1000 9001,41100 80,44818 30003,22 4840,30003",0,0
2024-08-29 17:59:44,147.0,4.78,4.84,4.87,28.0,2.0,2.0,"22,443 41120,41121 5345,41123 41124,1000 9001,41100 80,44818 30003,22 4840,30003",0,0
2024-08-29 17:59:55,147.0,4.81,4.84,4.87,28.0,2.0,2.0,"22,443 41120,41121 5345,41123 41124,1000 9001,41100 80,44818 30003,22 4840,30003",0,0
2024-08-29 18:00:05,147.0,4.69,4.82,4.86,28.0,2.0,2.0,"22,443 41120,41121 5345,41123 41124,1000 9001,41100 80,44818 30003,22 4840,30003",0,0
2024-08-29 18:00:16,147.0,4.66,4.81,4.86,28.0,2.0,2.0,"22,443 41120,41121 5345,41123 41124,1000 9001,41100 80,44818 30003,22 4840,30003",0,0
2024-08-29 18:00:26,147.0,4.58,4.78,4.85,28.0,2.0,2.0,"22,443 41120,41121 5345,41123 41124,1000 9001,41100 80,44818 30003,22 4840,30003",0,0
2024-08-29 18:00:37,147.0,4.8,4.82,4.86,28.0,2.0,2.0,"22,443 41120,41121 5345,41123 41124,1000 9001,41100 80,44818 30003,22 4840,30003",0,0
2024-08-29 18:00:47,147.0,4.75,4.81,4.86,28.0,2.0,2.0,"22,443 41120,41121 5345,41123 41124,1000 9001,41100 80,44818 30003,22 4840,30003",0,0
2024-08-29 18:00:58,147.0,4.71,4.8,4.85,28.0,2.0,2.0,"22,443 41120,41121 5345,41123 41124,1000 9001,41100 80,44818 30003,22 4840,30003",0,0
2024-08-29 18:01:08,148.0,5.04,4.87,4.88,28.0,2.0,2.0,"22,443 41120,41121 5345,41123 41124,1000 9001,41100 80,44818 30003,22 4840,30003",0,0
2024-08-29 18:01:19,148.0,5.2,4.91,4.89,28.0,2.0,2.0,"22,443 41120,41121 5345,41123 41124,1000 9001,41100 80,44818 30003,22 4840,30003",0,0
2024-08-29 18:01:29,147.0,5.17,4.91,4.89,28.0,2.0,2.0,"22,443 41120,41121 5345,41123 41124,1000 9001,41100 80,44818 30003,22 4840,30003",0,0
2024-08-29 18:01:40,147.0,5.3,4.95,4.9,28.0,2.0,2.0,"22,443 41120,41121 5345,41123 41124,1000 9001,41100 80,44818 30003,22 4840,30003",0,0
2024-08-29 18:01:50,148.0,5.1,4.92,4.89,28.0,2.0,2.0,"22,443 41120,41121 5345,41123 41124,1000 9001,41100 80,44818 30003,22 4840,30003",0,0
2024-08-29 18:02:01,148.0,5.09,4.92,4.89,28.0,2.0,2.0,"22,443 41120,41121 5345,41123 41124,1000 9001,41100 80,44818 30003,22 4840,30003",0,0
2024-08-29 18:02:12,148.0,5.34,4.99,4.92,28.0,2.0,2.0,"22,443 41120,41121 5345,41123 41124,1000 9001,41100 80,44818 30003,22 4840,30003",0,0
2024-08-29 18:02:23,147.0,5.28,4.99,4.92,28.0,2.0,2.0,"22,443 41120,41121 5345,41123 41124,1000 9001,41100 80,44818 30003,22 4840,30003",0,0
2024-08-29 18:02:33,148.0,5.39,5.02,4.93,28.0,2.0,2.0,"22,443 41120,41121 5345,41123 41124,1000 9001,41100 80,44818 30003,22 4840,30003",0,0
2024-08-29 18:02:44,148.0,5.25,5.01,4.93,28.0,2.0,2.0,"22,443 41120,41121 5345,41123 41124,1000 9001,41100 80,44818 30003,22 4840,30003",0,0
2024-08-29 18:02:54,148.0,5.22,5.01,4.93,28.0,2.0,2.0,"22,443 41120,41121 5345,41123 41124,1000 9001,41100 80,44818 30003,22 4840,30003",0,0
2024-08-29 18:03:05,148.0,5.51,5.07,4.95,28.0,2.0,2.0,"22,443 41120,41121 5345,41123 41124,1000 9001,41100 80,44818 30003,22 4840,30003",0,0
2024-08-29 18:03:15,148.0,5.43,5.07,4.95,28.0,2.0,2.0,"22,443 41120,41121 5345,41123 41124,1000 9001,41100 80,44818 30003,22 4840,30003",0,0
2024-08-29 18:03:26,148.0,5.21,5.03,4.94,28.0,2.0,2.0,"22,443 41120,41121 5345,41123 41124,1000 9001,41100 80,44818 30003,22 4840,30003",0,0
2024-08-29 18:03:36,148.0,5.1,5.02,4.93,28.0,2.0,2.0,"22,443 41120,41121 5345,41123 41124,1000 9001,41100 80,44818 30003,22 4840,30003",0,0
2024-08-29 18:03:47,148.0,5.14,5.03,4.94,28.0,2.0,2.0,"22,443 41120,41121 5345,41123 41124,1000 9001,41100 80,44818 30003,22 4840,30003",0,0
2024-08-29 18:03:57,148.0,4.97,5.0,4.93,28.0,2.0,2.0,"22,443 41120,41121 5345,41123 41124,1000 9001,41100 80,44818 30003,22 4840,30003",0,0
2024-08-29 18:04:08,148.0,5.41,5.09,4.96,28.0,2.0,2.0,"22,443 41120,41121 5345,41123 41124,1000 9001,41100 80,44818 30003,22 4840,30003",0,0
2024-08-29 18:04:18,148.0,5.27,5.07,4.96,28.0,2.0,2.0,"22,443 41120,41121 5345,41123 41124,1000 9001,41100 80,44818 30003,22 4840,30003",0,0
2024-08-29 18:04:29,148.0,5.38,5.1,4.97,28.0,2.0,2.0,"22,443 41120,41121 5345,41123 41124,1000 9001,41100 80,44818 30003,22 4840,30003",0,0
2024-08-29 18:04:39,148.0,5.24,5.08,4.96,28.0,2.0,2.0,"22,443 41120,41121 5345,41123 41124,1000 9001,41100 80,44818 30003,22 4840,30003",0,0
2024-08-29 18:04:50,148.0,5.27,5.1,4.97,28.0,2.0,2.0,"22,443 41120,41121 5345,41123 41124,1000 9001,41100 80,44818 30003,22 4840,30003",0,0
2024-08-29 18:05:00,148.0,5.23,5.09,4.97,28.0,2.0,2.0,"22,443 41120,41121 5345,41123 41124,1000 9001,41100 80,44818 30003,22 4840,30003",0,0
2024-08-29 18:05:11,148.0,5.2,5.09,4.97,28.0,2.0,2.0,"22,443 41120,41121 5345,41123 41124,1000 9001,41100 80,44818 30003,22 4840,30003",0,0
2024-08-29 18:05:21,148.0,5.17,5.09,4.97,28.0,2.0,2.0,"22,443 41120,41121 5345,41123 41124,1000 9001,41100 80,44818 30003,22 4840,30003",0,0
2024-08-29 18:05:32,148.0,4.98,5.05,4.96,28.0,2.0,2.0,"22,443 41120,41121 5345,41123 41124,1000 9001,41100 80,44818 30003,22 4840,30003",0,0
2024-08-29 18:05:42,148.0,4.91,5.03,4.96,28.0,2.0,2.0,"22,443 41120,41121 5345,41123 41124,1000 9001,41100 80,44818 30003,22 4840,30003",0,0
2024-08-29 18:05:53,148.0,4.92,5.03,4.96,28.0,2.0,2.0,"22,443 41120,41121 5345,41123 41124,1000 9001,41100 80,44818 30003,22 4840,30003",0,0
2024-08-29 18:06:03,148.0,5.26,5.1,4.98,28.0,2.0,2.0,"22,443 41120,41121 5345,41123 41124,1000 9001,41100 80,44818 30003,22 4840,30003",0,0
2024-08-29 18:06:14,148.0,5.15,5.08,4.97,28.0,2.0,2.0,"22,443 41120,41121 5345,41123 41124,1000 9001,41100 80,44818 30003,22 4840,30003",0,0
2024-08-29 18:06:24,148.0,5.12,5.07,4.98,28.0,2.0,2.0,"22,443 41120,41121 5345,41123 41124,1000 9001,41100 80,44818 30003,22 4840,30003",0,0
2024-08-29 18:06:35,148.0,5.02,5.05,4.97,28.0,2.0,2.0,"22,443 41120,41121 5345,41123 41124,1000 9001,41100 80,44818 30003,22 4840,30003",0,0
2024-08-29 18:06:45,148.0,4.94,5.03,4.97,28.0,2.0,2.0,"22,443 41120,41121 5345,41123 41124,1000 9001,41100 80,44818 30003,22 4840,30003",0,0
2024-08-29 18:06:56,148.0,4.88,5.02,4.96,28.0,2.0,2.0,"22,443 41120,41121 5345,41123 41124,1000 9001,41100 80,44818 30003,22 4840,30003",0,0
2024-08-29 18:07:06,148.0,4.9,5.02,4.96,28.0,2.0,2.0,"22,443 41120,41121 5345,41123 41124,1000 9001,41100 80,44818 30003,22 4840,30003",0,0
2024-08-29 18:07:17,148.0,5.06,5.05,4.97,28.0,2.0,2.0,"22,443 41120,41121 5345,41123 41124,1000 9001,41100 80,44818 30003,22 4840,30003",0,0
2024-08-29 18:07:27,148.0,4.97,5.03,4.97,28.0,2.0,2.0,"22,443 41120,41121 5345,41123 41124,1000 9001,41100 80,44818 30003,22 4840,30003",0,0
2024-08-29 18:07:38,148.0,4.89,5.01,4.96,28.0,2.0,2.0,"22,443 41120,41121 5345,41123 41124,1000 9001,41100 80,44818 30003,22 4840,30003",0,0
2024-08-29 18:07:49,148.0,4.91,5.01,4.97,28.0,2.0,2.0,"22,443 41120,41121 5345,41123 41124,1000 9001,41100 80,44818 30003,22 4840,30003",0,0
2024-08-29 18:07:59,148.0,4.85,4.99,4.96,28.0,2.0,2.0,"22,443 41120,41121 5345,41123 41124,1000 9001,41100 80,44818 30003,22 4840,30003",0,0
2024-08-29 18:08:10,148.0,5.02,5.03,4.97,28.0,2.0,2.0,"22,443 41120,41121 5345,41123 41124,1000 9001,41100 80,44818 30003,22 4840,30003",0,0
2024-08-29 18:08:20,148.0,5.02,5.03,4.97,28.0,2.0,2.0,"22,443 41120,41121 5345,41123 41124,1000 9001,41100 80,44818 30003,22 4840,30003",0,0
2024-08-29 18:08:31,148.0,4.93,5.01,4.97,28.0,2.0,2.0,"22,443 41120,41121 5345,41123 41124,1000 9001,41100 80,44818 30003,22 4840,30003",0,0
2024-08-29 18:08:41,148.0,4.86,4.99,4.96,28.0,2.0,2.0,"22,443 41120,41121 5345,41123 41124,1000 9001,41100 80,44818 30003,22 4840,30003",0,0
2024-08-29 18:08:52,148.0,4.88,4.99,4.96,28.0,2.0,2.0,"22,443 41120,41121 5345,41123 41124,1000 9001,41100 80,44818 30003,22 4840,30003",0,0
2024-08-29 18:09:02,150.0,5.14,5.04,4.98,28.0,2.0,2.0,"22,443 41120,41121 5345,41123 41124,1000 9001,41100 80,44818 30003,22 4840,30003",0,0
2024-08-29 18:09:13,149.0,5.12,5.04,4.98,27.0,2.0,2.0,"22,443 41120,41121 5345,41123 41124,1000 9001,41100 80,44818 30003,22 4840,30003",0,0
2024-08-29 18:09:24,149.0,5.03,5.02,4.98,27.0,2.0,2.0,"22,443 41120,41121 5345,41123 41124,1000 9001,41100 80,44818 30003,22 4840,30003",0,0
2024-08-29 18:09:34,149.0,5.02,5.02,4.98,27.0,2.0,2.0,"22,443 41120,41121 5345,41123 41124,1000 9001,41100 80,44818 30003,22 4840,30003",0,0
2024-08-29 18:09:45,149.0,4.94,5.0,4.97,27.0,2.0,2.0,"22,443 41120,41121 5345,41123 41124,1000 9001,41100 80,44818 30003,22 4840,30003",0,0
2024-08-29 18:09:55,149.0,4.87,4.98,4.97,27.0,2.0,2.0,"22,443 41120,41121 5345,41123 41124,1000 9001,41100 80,44818 30003,22 4840,30003",0,0
2024-08-29 18:10:06,149.0,5.05,5.02,4.98,27.0,2.0,2.0,"22,443 41120,41121 5345,41123 41124,1000 9001,41100 80,44818 30003,22 4840,30003",0,0
2024-08-29 18:10:16,149.0,5.04,5.02,4.98,27.0,2.0,2.0,"22,443 41120,41121 5345,41123 41124,1000 9001,41100 80,44818 30003,22 4840,30003",0,0
2024-08-29 18:10:27,149.0,4.95,5.0,4.98,27.0,2.0,2.0,"22,443 41120,41121 5345,41123 41124,1000 9001,41100 80,44818 30003,22 4840,30003",0,0
2024-08-29 18:10:37,149.0,4.81,4.97,4.97,27.0,2.0,2.0,"22,443 41120,41121 5345,41123 41124,1000 9001,41100 80,44818 30003,22 4840,30003",0,0
2024-08-29 18:10:48,149.0,4.76,4.95,4.96,27.0,2.0,2.0,"22,443 41120,41121 5345,41123 41124,1000 9001,41100 80,44818 30003,22 4840,30003",0,0
2024-08-29 18:10:58,149.0,4.96,4.99,4.97,27.0,2.0,2.0,"22,443 41120,41121 5345,41123 41124,1000 9001,41100 80,44818 30003,22 4840,30003",0,0
2024-08-29 18:11:09,149.0,5.19,5.04,4.99,27.0,2.0,2.0,"22,443 41120,41121 5345,41123 41124,1000 9001,41100 80,44818 30003,22 4840,30003",0,0
2024-08-29 18:11:19,149.0,5.08,5.02,4.98,27.0,2.0,2.0,"22,443 41120,41121 5345,41123 41124,1000 9001,41100 80,44818 30003,22 4840,30003",0,0
2024-08-29 18:11:30,149.0,5.23,5.05,5.0,27.0,2.0,2.0,"22,443 41120,41121 5345,41123 41124,1000 9001,41100 80,44818 30003,22 4840,30003",0,0
2024-08-29 18:11:41,149.0,5.19,5.05,5.0,27.0,2.0,2.0,"22,443 41120,41121 5345,41123 41124,1000 9001,41100 80,44818 30003,22 4840,30003",0,0
2024-08-29 18:11:51,149.0,5.01,5.01,4.99,27.0,2.0,2.0,"22,443 41120,41121 5345,41123 41124,1000 9001,41100 80,44818 30003,22 4840,30003",0,0
2024-08-29 18:12:02,152.0,5.0,5.01,4.99,27.0,2.0,2.0,"22,443 41120,41121 5345,41123 41124,1000 9001,41100 80,44818 30003,22 4840,30003",0,0
2024-08-29 18:12:13,149.0,5.19,5.06,5.0,27.0,2.0,2.0,"22,443 41120,41121 5345,41123 41124,1000 9001,41100 80,44818 30003,22 4840,30003",0,0
2024-08-29 18:12:23,149.0,5.16,5.06,5.0,27.0,2.0,2.0,"22,443 41120,41121 5345,41123 41124,1000 9001,41100 80,44818 30003,22 4840,30003",0,0
2024-08-29 18:12:34,149.0,4.98,5.02,4.99,29.0,2.0,2.0,"22,443 41120,41121 5345,41123 41124,1000 9001,41100 80,44818 30003,22 4840,30003",0,0
2024-08-29 18:12:45,149.0,4.99,5.02,4.99,29.0,2.0,2.0,"22,443 41120,41121 5345,41123 41124,1000 9001,41100 80,44818 30003,22 4840,30003",0,0
2024-08-29 18:12:55,149.0,5.3,5.09,5.01,29.0,2.0,2.0,"22,443 41120,41121 5345,41123 41124,1000 9001,41100 80,44818 30003,22 4840,30003",0,0
2024-08-29 18:13:06,149.0,5.41,5.12,5.02,29.0,2.0,2.0,"22,443 41120,41121 5345,41123 41124,1000 9001,41100 80,44818 30003,22 4840,30003",0,0
2024-08-29 18:13:16,149.0,5.19,5.08,5.01,29.0,2.0,2.0,"22,443 41120,41121 5345,41123 41124,1000 9001,41100 80,44818 30003,22 4840,30003",0,0
2024-08-29 18:13:27,149.0,5.09,5.06,5.01,29.0,2.0,2.0,"22,443 41120,41121 5345,41123 41124,1000 9001,41100 80,44818 30003,22 4840,30003",0,0
2024-08-29 18:13:37,149.0,5.07,5.06,5.0,29.0,2.0,2.0,"22,443 41120,41121 5345,41123 41124,1000 9001,41100 80,44818 30003,22 4840,30003",0,0
2024-08-29 18:13:48,149.0,5.05,5.06,5.0,29.0,2.0,2.0,"22,443 41120,41121 5345,41123 41124,1000 9001,41100 80,44818 30003,22 4840,30003",0,0
2024-08-29 18:13:59,149.0,4.96,5.04,5.0,29.0,2.0,2.0,"22,443 41120,41121 5345,41123 41124,1000 9001,41100 80,44818 30003,22 4840,30003",0,0
2024-08-29 18:14:09,149.0,5.11,5.07,5.01,29.0,3.0,3.0,"22,443 41120,41121 5345,41123 41124,1000 9001,41100 80,44818 30003,22 4840,30003",0,0
2024-08-29 18:14:20,149.0,5.24,5.1,5.02,29.0,3.0,3.0,"22,443 41120,41121 5345,41123 41124,1000 9001,41100 80,44818 30003,22 4840,30003",0,0
2024-08-29 18:14:30,149.0,5.2,5.09,5.02,31.0,3.0,3.0,"22,443 41120,41121 5345,41123 41124,1000 9001,41100 80,44818 30003,22 4840,30003",0,0
2024-08-29 18:14:41,149.0,5.25,5.11,5.02,31.0,3.0,3.0,"22,443 41120,41121 5345,41123 41124,1000 9001,41100 80,44818 30003,22 4840,30003",0,0
2024-08-29 18:14:51,149.0,5.27,5.12,5.03,31.0,3.0,3.0,"22,443 41120,41121 5345,41123 41124,1000 9001,41100 80,44818 30003,22 4840,30003",0,0
2024-08-29 18:15:02,151.0,5.38,5.15,5.04,31.0,3.0,3.0,"22,443 41120,41121 5345,41123 41124,1000 9001,41100 80,44818 30003,22 4840,30003",0,0
2024-08-29 18:15:13,149.0,5.28,5.14,5.04,31.0,3.0,3.0,"22,443 41120,41121 5345,41123 41124,1000 9001,41100 80,44818 30003,22 4840,30003",0,0
2024-08-29 18:15:24,149.0,5.23,5.13,5.04,31.0,3.0,3.0,"22,443 41120,41121 5345,41123 41124,1000 9001,41100 80,44818 30003,22 4840,30003",0,0
2024-08-29 18:15:34,149.0,5.36,5.16,5.05,31.0,3.0,3.0,"22,443 41120,41121 5345,41123 41124,1000 9001,41100 80,44818 30003,22 4840,30003",0,0
2024-08-29 18:15:45,147.0,5.3,5.16,5.04,31.0,3.0,3.0,"22,443 41120,41121 5345,41123 41124,1000 9001,41100 80,44818 30003,22 4840,30003",0,0
2024-08-29 18:15:55,148.0,5.18,5.14,5.04,31.0,3.0,3.0,"22,443 41120,41121 5345,41123 41124,1000 9001,41100 80,44818 30003,22 4840,30003",0,0
2024-08-29 18:16:06,149.0,5.16,5.13,5.04,31.0,3.0,3.0,"22,443 41120,41121 5345,41123 41124,1000 9001,41100 80,44818 30003,22 4840,30003",0,0
2024-08-29 18:16:16,151.0,5.59,5.23,5.07,31.0,16.0,3.0,"22,443 41120,41121 5345,41123 41124,1000 9001,41100 80,44818 30003,22 4840,30003",0,0
2024-08-29 18:16:28,151.0,5.59,5.25,5.08,31.0,20.0,3.0,"22,443 41120,41121 5345,41123 41124,1000 9001,41100 80,44818 30003,22 4840,30003",0,0
2024-08-29 18:16:38,151.0,5.57,5.26,5.08,31.0,20.0,3.0,"22,443 41120,41121 5345,41123 41124,1000 9001,41100 80,44818 30003,22 4840,30003",0,0
2024-08-29 18:16:49,151.0,5.4,5.23,5.08,31.0,20.0,3.0,"22,443 41120,41121 5345,41123 41124,1000 9001,41100 80,44818 30003,22 4840,30003",0,0
2024-08-29 18:16:59,151.0,5.26,5.21,5.07,31.0,20.0,3.0,"22,443 41120,41121 5345,41123 41124,1000 9001,41100 80,44818 30003,22 4840,30003",0,0
2024-08-29 18:17:10,151.0,5.29,5.22,5.08,31.0,23.0,3.0,"22,443 41120,41121 5345,41123 41124,1000 9001,41100 80,44818 30003,22 4840,30003",0,0
2024-08-29 18:17:21,151.0,5.32,5.22,5.08,31.0,37.0,3.0,"22,443 41120,41121 5345,41123 41124,1000 9001,41100 80,44818 30003,22 4840,30003",0,0
2024-08-29 18:17:32,151.0,5.27,5.22,5.08,31.0,37.0,3.0,"22,443 41120,41121 5345,41123 41124,1000 9001,41100 80,44818 30003,22 4840,30003",0,0
2024-08-29 18:17:42,147.0,5.07,5.18,5.07,31.0,37.0,3.0,"22,443 41120,41121 5345,41123 41124,1000 9001,41100 80,44818 30003,22 4840,30003",0,0
2024-08-29 18:17:53,147.0,5.37,5.24,5.09,31.0,44.0,4.0,"22,443 41120,41121 5345,41123 41124,1000 9001,41100 80,44818 30003,22 4840,30003",0,0
2024-08-29 18:18:04,148.0,5.67,5.31,5.12,31.0,44.0,4.0,"22,443 41120,41121 5345,41123 41124,1000 9001,41100 80,44818 30003,22 4840,30003",0,0
2024-08-29 18:18:14,147.0,5.49,5.28,5.11,31.0,44.0,4.0,"22,443 41120,41121 5345,41123 41124,1000 9001,41100 80,44818 30003,22 4840,30003",0,0
2024-08-29 18:18:25,147.0,5.34,5.26,5.1,31.0,44.0,4.0,"22,443 41120,41121 5345,41123 41124,1000 9001,41100 80,44818 30003,22 4840,30003",0,0
2024-08-29 18:18:35,148.0,5.36,5.26,5.11,28.0,44.0,4.0,"22,443 41120,41121 5345,41123 41124,1000 9001,41100 80,44818 30003,22 4840,30003",0,0
2024-08-29 18:18:46,148.0,5.23,5.24,5.1,28.0,44.0,4.0,"22,443 41120,41121 5345,41123 41124,1000 9001,41100 80,44818 30003,22 4840,30003",0,0
2024-08-29 18:18:56,148.0,5.19,5.23,5.1,28.0,44.0,4.0,"22,443 41120,41121 5345,41123 41124,1000 9001,41100 80,44818 30003,22 4840,30003",0,0
2024-08-29 18:19:07,148.0,5.16,5.22,5.1,28.0,44.0,4.0,"22,443 41120,41121 5345,41123 41124,1000 9001,41100 80,44818 30003,22 4840,30003",0,0
2024-08-29 18:19:17,148.0,5.13,5.21,5.09,28.0,44.0,4.0,"22,443 41120,41121 5345,41123 41124,1000 9001,41100 80,44818 30003,22 4840,30003",0,0
2024-08-29 18:19:28,147.0,5.19,5.22,5.1,28.0,44.0,4.0,"22,443 41120,41121 5345,41123 41124,1000 9001,41100 80,44818 30003,22 4840,30003",0,0
2024-08-29 18:19:38,148.0,5.09,5.2,5.09,28.0,44.0,4.0,"22,443 41120,41121 5345,41123 41124,1000 9001,41100 80,44818 30003,22 4840,30003",0,0
2024-08-29 18:19:49,148.0,5.22,5.22,5.1,28.0,44.0,4.0,"22,443 41120,41121 5345,41123 41124,1000 9001,41100 80,44818 30003,22 4840,30003",0,0
2024-08-29 18:19:59,148.0,5.03,5.18,5.09,28.0,44.0,4.0,"22,443 41120,41121 5345,41123 41124,1000 9001,41100 80,44818 30003,22 4840,30003",0,0
2024-08-29 18:20:10,148.0,4.94,5.16,5.08,28.0,44.0,4.0,"22,443 41120,41121 5345,41123 41124,1000 9001,41100 80,44818 30003,22 4840,30003",0,0
2024-08-29 18:20:20,148.0,4.95,5.15,5.08,28.0,44.0,4.0,"22,443 41120,41121 5345,41123 41124,1000 9001,41100 80,44818 30003,22 4840,30003",0,0
2024-08-29 18:20:31,148.0,4.81,5.11,5.07,28.0,44.0,4.0,"22,443 41120,41121 5345,41123 41124,1000 9001,41100 80,44818 30003,22 4840,30003",0,0
2024-08-29 18:20:41,148.0,4.76,5.09,5.06,28.0,44.0,4.0,"22,443 41120,41121 5345,41123 41124,1000 9001,41100 80,44818 30003,22 4840,30003",0,0
2024-08-29 18:20:52,148.0,4.79,5.09,5.06,28.0,44.0,4.0,"22,443 41120,41121 5345,41123 41124,1000 9001,41100 80,44818 30003,22 4840,30003",0,0
2024-08-29 18:21:02,150.0,4.83,5.09,5.06,28.0,44.0,4.0,"22,443 41120,41121 5345,41123 41124,1000 9001,41100 80,44818 30003,22 4840,30003",0,0
2024-08-29 18:21:13,148.0,4.85,5.08,5.06,28.0,44.0,4.0,"22,443 41120,41121 5345,41123 41124,1000 9001,41100 80,44818 30003,22 4840,30003",0,0
2024-08-29 18:21:24,148.0,5.1,5.13,5.07,28.0,44.0,4.0,"22,443 41120,41121 5345,41123 41124,1000 9001,41100 80,44818 30003,22 4840,30003",0,0
2024-08-29 18:21:34,148.0,5.01,5.11,5.07,28.0,44.0,4.0,"22,443 41120,41121 5345,41123 41124,1000 9001,41100 80,44818 30003,22 4840,30003",0,0
2024-08-29 18:21:45,148.0,4.92,5.09,5.06,28.0,44.0,4.0,"22,443 41120,41121 5345,41123 41124,1000 9001,41100 80,44818 30003,22 4840,30003",0,0
2024-08-29 18:21:55,148.0,4.94,5.08,5.06,28.0,44.0,4.0,"22,443 41120,41121 5345,41123 41124,1000 9001,41100 80,44818 30003,22 4840,30003",0,0
2024-08-29 18:22:06,148.0,4.87,5.06,5.05,28.0,44.0,4.0,"22,443 41120,41121 5345,41123 41124,1000 9001,41100 80,44818 30003,22 4840,30003",0,0
2024-08-29 18:22:16,148.0,5.05,5.09,5.06,28.0,44.0,4.0,"22,443 41120,41121 5345,41123 41124,1000 9001,41100 80,44818 30003,22 4840,30003",0,0
2024-08-29 18:22:27,148.0,5.12,5.11,5.07,28.0,44.0,4.0,"22,443 41120,41121 5345,41123 41124,1000 9001,41100 80,44818 30003,22 4840,30003",0,0
2024-08-29 18:22:37,148.0,5.03,5.09,5.06,28.0,44.0,4.0,"22,443 41120,41121 5345,41123 41124,1000 9001,41100 80,44818 30003,22 4840,30003",0,0
2024-08-29 18:22:48,148.0,4.95,5.07,5.06,28.0,44.0,4.0,"22,443 41120,41121 5345,41123 41124,1000 9001,41100 80,44818 30003,22 4840,30003",0,0
2024-08-29 18:22:58,148.0,4.89,5.05,5.05,28.0,44.0,4.0,"22,443 41120,41121 5345,41123 41124,1000 9001,41100 80,44818 30003,22 4840,30003",0,0
2024-08-29 18:23:09,148.0,5.2,5.11,5.07,28.0,44.0,4.0,"22,443 41120,41121 5345,41123 41124,1000 9001,41100 80,44818 30003,22 4840,30003",0,0
2024-08-29 18:23:19,148.0,5.34,5.14,5.08,28.0,44.0,4.0,"22,443 41120,41121 5345,41123 41124,1000 9001,41100 80,44818 30003,22 4840,30003",0,0
2024-08-29 18:23:30,148.0,5.13,5.1,5.07,28.0,44.0,4.0,"22,443 41120,41121 5345,41123 41124,1000 9001,41100 80,44818 30003,22 4840,30003",0,0
2024-08-29 18:23:40,148.0,4.96,5.07,5.06,28.0,44.0,4.0,"22,443 41120,41121 5345,41123 41124,1000 9001,41100 80,44818 30003,22 4840,30003",0,0
2024-08-29 18:23:51,148.0,4.88,5.05,5.05,28.0,44.0,4.0,"22,443 41120,41121 5345,41123 41124,1000 9001,41100 80,44818 30003,22 4840,30003",0,0
2024-08-29 18:24:01,151.0,4.82,5.03,5.05,28.0,44.0,4.0,"22,443 41120,41121 5345,41123 41124,1000 9001,41100 80,44818 30003,22 4840,30003",0,0
2024-08-29 18:24:12,148.0,4.84,5.03,5.04,28.0,44.0,4.0,"22,443 41120,41121 5345,41123 41124,1000 9001,41100 80,44818 30003,22 4840,30003",0,0
2024-08-29 18:24:23,148.0,4.79,5.01,5.04,28.0,44.0,4.0,"22,443 41120,41121 5345,41123 41124,1000 9001,41100 80,44818 30003,22 4840,30003",0,0
2024-08-29 18:24:33,148.0,4.89,5.03,5.04,28.0,44.0,4.0,"22,443 41120,41121 5345,41123 41124,1000 9001,41100 80,44818 30003,22 4840,30003",0,0
2024-08-29 18:24:44,148.0,4.91,5.02,5.04,28.0,44.0,4.0,"22,443 41120,41121 5345,41123 41124,1000 9001,41100 80,44818 30003,22 4840,30003",0,0
2024-08-29 18:24:54,148.0,4.92,5.02,5.04,28.0,44.0,4.0,"22,443 41120,41121 5345,41123 41124,1000 9001,41100 80,44818 30003,22 4840,30003",0,0
2024-08-29 18:25:05,148.0,4.94,5.02,5.04,28.0,44.0,4.0,"22,443 41120,41121 5345,41123 41124,1000 9001,41100 80,44818 30003,22 4840,30003",0,0
2024-08-29 18:25:15,148.0,4.95,5.02,5.04,28.0,44.0,4.0,"22,443 41120,41121 5345,41123 41124,1000 9001,41100 80,44818 30003,22 4840,30003",0,0
2024-08-29 18:25:26,148.0,4.96,5.02,5.04,28.0,44.0,4.0,"22,443 41120,41121 5345,41123 41124,1000 9001,41100 80,44818 30003,22 4840,30003",0,0
2024-08-29 18:25:36,148.0,4.88,5.0,5.03,28.0,44.0,4.0,"22,443 41120,41121 5345,41123 41124,1000 9001,41100 80,44818 30003,22 4840,30003",0,0
2024-08-29 18:25:47,148.0,4.75,4.97,5.02,28.0,44.0,4.0,"22,443 41120,41121 5345,41123 41124,1000 9001,41100 80,44818 30003,22 4840,30003",0,0
2024-08-29 18:25:57,148.0,4.63,4.94,5.01,28.0,44.0,4.0,"22,443 41120,41121 5345,41123 41124,1000 9001,41100 80,44818 30003,22 4840,30003",0,0
2024-08-29 18:26:08,148.0,4.91,4.99,5.02,28.0,44.0,4.0,"22,443 41120,41121 5345,41123 41124,1000 9001,41100 80,44818 30003,22 4840,30003",0,0
2024-08-29 18:26:18,148.0,4.77,4.96,5.01,28.0,44.0,4.0,"22,443 41120,41121 5345,41123 41124,1000 9001,41100 80,44818 30003,22 4840,30003",0,0
2024-08-29 18:26:29,148.0,4.73,4.94,5.01,28.0,44.0,4.0,"22,443 41120,41121 5345,41123 41124,1000 9001,41100 80,44818 30003,22 4840,30003",0,0
2024-08-29 18:26:39,148.0,4.79,4.94,5.01,28.0,44.0,4.0,"22,443 41120,41121 5345,41123 41124,1000 9001,41100 80,44818 30003,22 4840,30003",0,0
2024-08-29 18:26:50,148.0,4.74,4.93,5.0,28.0,44.0,4.0,"22,443 41120,41121 5345,41123 41124,1000 9001,41100 80,44818 30003,22 4840,30003",0,0
2024-08-29 18:27:00,148.0,4.63,4.9,4.99,28.0,44.0,4.0,"22,443 41120,41121 5345,41123 41124,1000 9001,41100 80,44818 30003,22 4840,30003",0,0
2024-08-29 18:27:11,148.0,4.61,4.88,4.98,28.0,44.0,4.0,"22,443 41120,41121 5345,41123 41124,1000 9001,41100 80,44818 30003,22 4840,30003",0,0
2024-08-29 18:27:21,148.0,4.51,4.85,4.97,28.0,44.0,4.0,"22,443 41120,41121 5345,41123 41124,1000 9001,41100 80,44818 30003,22 4840,30003",0,0
2024-08-29 18:27:32,148.0,4.59,4.86,4.97,28.0,44.0,4.0,"22,443 41120,41121 5345,41123 41124,1000 9001,41100 80,44818 30003,22 4840,30003",0,0
2024-08-29 18:27:42,148.0,4.5,4.83,4.96,28.0,44.0,4.0,"22,443 41120,41121 5345,41123 41124,1000 9001,41100 80,44818 30003,22 4840,30003",0,0
2024-08-29 18:27:53,148.0,4.49,4.82,4.96,28.0,44.0,4.0,"22,443 41120,41121 5345,41123 41124,1000 9001,41100 80,44818 30003,22 4840,30003",0,0
2024-08-29 18:28:03,148.0,4.73,4.86,4.97,28.0,44.0,4.0,"22,443 41120,41121 5345,41123 41124,1000 9001,41100 80,44818 30003,22 4840,30003",0,0
2024-08-29 18:28:14,148.0,4.61,4.83,4.96,28.0,44.0,4.0,"22,443 41120,41121 5345,41123 41124,1000 9001,41100 80,44818 30003,22 4840,30003",0,0
2024-08-29 18:28:24,148.0,4.82,4.87,4.97,28.0,44.0,4.0,"22,443 41120,41121 5345,41123 41124,1000 9001,41100 80,44818 30003,22 4840,30003",0,0
2024-08-29 18:28:35,148.0,4.69,4.84,4.96,28.0,44.0,4.0,"22,443 41120,41121 5345,41123 41124,1000 9001,41100 80,44818 30003,22 4840,30003",0,0
2024-08-29 18:28:45,148.0,4.58,4.81,4.95,28.0,44.0,4.0,"22,443 41120,41121 5345,41123 41124,1000 9001,41100 80,44818 30003,22 4840,30003",0,0
2024-08-29 18:28:56,148.0,4.65,4.82,4.95,28.0,44.0,4.0,"22,443 41120,41121 5345,41123 41124,1000 9001,41100 80,44818 30003,22 4840,30003",0,0
2024-08-29 18:29:06,148.0,4.63,4.81,4.95,28.0,44.0,4.0,"22,443 41120,41121 5345,41123 41124,1000 9001,41100 80,44818 30003,22 4840,30003",0,0
2024-08-29 18:29:17,148.0,4.75,4.83,4.95,28.0,44.0,4.0,"22,443 41120,41121 5345,41123 41124,1000 9001,41100 80,44818 30003,22 4840,30003",0,0
2024-08-29 18:29:27,148.0,4.79,4.84,4.95,28.0,44.0,4.0,"22,443 41120,41121 5345,41123 41124,1000 9001,41100 80,44818 30003,22 4840,30003",0,0
2024-08-29 18:29:38,148.0,4.82,4.84,4.95,28.0,44.0,4.0,"22,443 41120,41121 5345,41123 41124,1000 9001,41100 80,44818 30003,22 4840,30003",0,0
2024-08-29 18:29:48,148.0,4.85,4.85,4.95,28.0,44.0,4.0,"22,443 41120,41121 5345,41123 41124,1000 9001,41100 80,44818 30003,22 4840,30003",0,0
2024-08-29 18:29:59,148.0,5.03,4.89,4.97,28.0,44.0,4.0,"22,443 41120,41121 5345,41123 41124,1000 9001,41100 80,44818 30003,22 4840,30003",0,0
2024-08-29 18:30:09,148.0,4.96,4.87,4.96,28.0,44.0,4.0,"22,443 41120,41121 5345,41123 41124,1000 9001,41100 80,44818 30003,22 4840,30003",0,0
2024-08-29 18:30:20,148.0,5.1,4.91,4.97,28.0,44.0,4.0,"22,443 41120,41121 5345,41123 41124,1000 9001,41100 80,44818 30003,22 4840,30003",0,0
2024-08-29 18:30:30,148.0,5.15,4.93,4.98,28.0,44.0,4.0,"22,443 41120,41121 5345,41123 41124,1000 9001,41100 80,44818 30003,22 4840,30003",0,0
2024-08-29 18:30:41,148.0,5.05,4.92,4.97,28.0,44.0,4.0,"22,443 41120,41121 5345,41123 41124,1000 9001,41100 80,44818 30003,22 4840,30003",0,0
2024-08-29 18:30:51,148.0,5.19,4.95,4.99,28.0,44.0,4.0,"22,443 41120,41121 5345,41123 41124,1000 9001,41100 80,44818 30003,22 4840,30003",0,0
2024-08-29 18:31:02,150.0,5.16,4.96,4.99,28.0,44.0,4.0,"22,443 41120,41121 5345,41123 41124,1000 9001,41100 80,44818 30003,22 4840,30003",0,0
2024-08-29 18:31:13,148.0,5.05,4.94,4.98,28.0,44.0,4.0,"22,443 41120,41121 5345,41123 41124,1000 9001,41100 80,44818 30003,22 4840,30003",0,0
2024-08-29 18:31:23,148.0,4.97,4.93,4.98,28.0,44.0,4.0,"22,443 41120,41121 5345,41123 41124,1000 9001,41100 80,44818 30003,22 4840,30003",0,0
2024-08-29 18:31:34,148.0,4.96,4.93,4.98,28.0,44.0,4.0,"22,443 41120,41121 5345,41123 41124,1000 9001,41100 80,44818 30003,22 4840,30003",0,0
2024-08-29 18:31:44,148.0,4.98,4.93,4.98,28.0,44.0,4.0,"22,443 41120,41121 5345,41123 41124,1000 9001,41100 80,44818 30003,22 4840,30003",0,0
2024-08-29 18:31:55,148.0,4.91,4.92,4.97,28.0,44.0,4.0,"22,443 41120,41121 5345,41123 41124,1000 9001,41100 80,44818 30003,22 4840,30003",0,0
2024-08-29 18:32:05,149.0,5.0,4.94,4.98,28.0,44.0,4.0,"22,443 41120,41121 5345,41123 41124,1000 9001,41100 80,44818 30003,22 4840,30003",0,0
2024-08-29 18:32:16,148.0,5.0,4.94,4.98,28.0,44.0,4.0,"22,443 41120,41121 5345,41123 41124,1000 9001,41100 80,44818 30003,22 4840,30003",0,0
2024-08-29 18:32:26,148.0,5.07,4.96,4.99,28.0,44.0,4.0,"22,443 41120,41121 5345,41123 41124,1000 9001,41100 80,44818 30003,22 4840,30003",0,0
2024-08-29 18:32:37,148.0,5.15,4.98,4.99,28.0,44.0,4.0,"22,443 41120,41121 5345,41123 41124,1000 9001,41100 80,44818 30003,22 4840,30003",0,0
2024-08-29 18:32:47,148.0,5.12,4.98,4.99,28.0,44.0,4.0,"22,443 41120,41121 5345,41123 41124,1000 9001,41100 80,44818 30003,22 4840,30003",0,0
2024-08-29 18:32:58,148.0,5.03,4.96,4.99,28.0,44.0,4.0,"22,443 41120,41121 5345,41123 41124,1000 9001,41100 80,44818 30003,22 4840,30003",0,0
2024-08-29 18:33:08,149.0,4.95,4.95,4.98,28.0,44.0,4.0,"22,443 41120,41121 5345,41123 41124,1000 9001,41100 80,44818 30003,22 4840,30003",0,0
2024-08-29 18:33:19,148.0,4.95,4.95,4.99,28.0,44.0,4.0,"22,443 41120,41121 5345,41123 41124,1000 9001,41100 80,44818 30003,22 4840,30003",0,0
2024-08-29 18:33:29,148.0,4.96,4.95,4.99,28.0,44.0,4.0,"22,443 41120,41121 5345,41123 41124,1000 9001,41100 80,44818 30003,22 4840,30003",0,0
2024-08-29 18:33:40,148.0,4.89,4.94,4.98,28.0,44.0,4.0,"22,443 41120,41121 5345,41123 41124,1000 9001,41100 80,44818 30003,22 4840,30003",0,0
2024-08-29 18:33:50,149.0,5.58,5.09,5.03,28.0,44.0,4.0,"22,443 41120,41121 5345,41123 41124,1000 9001,41100 80,44818 30003,22 4840,30003",0,0
2024-08-29 18:34:01,148.0,5.41,5.07,5.02,28.0,44.0,4.0,"22,443 41120,41121 5345,41123 41124,1000 9001,41100 80,44818 30003,22 4840,30003",0,0
2024-08-29 18:34:11,148.0,5.26,5.05,5.02,28.0,44.0,4.0,"22,443 41120,41121 5345,41123 41124,1000 9001,41100 80,44818 30003,22 4840,30003",0,0
2024-08-29 18:34:22,148.0,5.15,5.03,5.01,28.0,44.0,4.0,"22,443 41120,41121 5345,41123 41124,1000 9001,41100 80,44818 30003,22 4840,30003",0,0
2024-08-29 18:34:32,148.0,5.29,5.06,5.02,28.0,44.0,4.0,"22,443 41120,41121 5345,41123 41124,1000 9001,41100 80,44818 30003,22 4840,30003",0,0
2024-08-29 18:34:43,148.0,5.09,5.03,5.01,28.0,44.0,4.0,"22,443 41120,41121 5345,41123 41124,1000 9001,41100 80,44818 30003,22 4840,30003",0,0
2024-08-29 18:34:53,148.0,4.99,5.01,5.0,28.0,44.0,4.0,"22,443 41120,41121 5345,41123 41124,1000 9001,41100 80,44818 30003,22 4840,30003",0,0
2024-08-29 18:35:04,148.0,4.84,4.98,4.99,28.0,44.0,4.0,"22,443 41120,41121 5345,41123 41124,1000 9001,41100 80,44818 30003,22 4840,30003",0,0
2024-08-29 18:35:14,148.0,4.71,4.94,4.98,28.0,44.0,4.0,"22,443 41120,41121 5345,41123 41124,1000 9001,41100 80,44818 30003,22 4840,30003",0,0
2024-08-29 18:35:25,148.0,4.68,4.93,4.98,28.0,44.0,4.0,"22,443 41120,41121 5345,41123 41124,1000 9001,41100 80,44818 30003,22 4840,30003",0,0
2024-08-29 18:35:35,148.0,4.81,4.95,4.98,28.0,44.0,4.0,"22,443 41120,41121 5345,41123 41124,1000 9001,41100 80,44818 30003,22 4840,30003",0,0
2024-08-29 18:35:46,148.0,4.77,4.93,4.98,28.0,44.0,4.0,"22,443 41120,41121 5345,41123 41124,1000 9001,41100 80,44818 30003,22 4840,30003",0,0
2024-08-29 18:35:56,148.0,4.65,4.9,4.97,28.0,44.0,4.0,"22,443 41120,41121 5345,41123 41124,1000 9001,41100 80,44818 30003,22 4840,30003",0,0
2024-08-29 18:36:07,149.0,4.62,4.89,4.96,28.0,44.0,4.0,"22,443 41120,41121 5345,41123 41124,1000 9001,41100 80,44818 30003,22 4840,30003",0,0
2024-08-29 18:36:17,148.0,4.6,4.87,4.96,28.0,44.0,4.0,"22,443 41120,41121 5345,41123 41124,1000 9001,41100 80,44818 30003,22 4840,30003",0,0
2024-08-29 18:36:28,148.0,4.58,4.86,4.95,28.0,44.0,4.0,"22,443 41120,41121 5345,41123 41124,1000 9001,41100 80,44818 30003,22 4840,30003",0,0
2024-08-29 18:36:38,149.0,4.57,4.85,4.95,28.0,44.0,4.0,"22,443 41120,41121 5345,41123 41124,1000 9001,41100 80,44818 30003,22 4840,30003",0,0
2024-08-29 18:36:49,148.0,4.55,4.84,4.94,28.0,44.0,4.0,"22,443 41120,41121 5345,41123 41124,1000 9001,41100 80,44818 30003,22 4840,30003",0,0
2024-08-29 18:36:59,149.0,4.63,4.84,4.94,28.0,44.0,4.0,"22,443 41120,41121 5345,41123 41124,1000 9001,41100 80,44818 30003,22 4840,30003",0,0
2024-08-29 18:37:10,149.0,4.61,4.83,4.94,28.0,44.0,4.0,"22,443 41120,41121 5345,41123 41124,1000 9001,41100 80,44818 30003,22 4840,30003",0,0
2024-08-29 18:37:20,148.0,4.93,4.89,4.96,28.0,44.0,4.0,"22,443 41120,41121 5345,41123 41124,1000 9001,41100 80,44818 30003,22 4840,30003",0,0
2024-08-29 18:37:31,148.0,4.86,4.88,4.95,28.0,44.0,4.0,"22,443 41120,41121 5345,41123 41124,1000 9001,41100 80,44818 30003,22 4840,30003",0,0
2024-08-29 18:37:41,148.0,4.88,4.88,4.95,28.0,44.0,4.0,"22,443 41120,41121 5345,41123 41124,1000 9001,41100 80,44818 30003,22 4840,30003",0,0
2024-08-29 18:37:52,148.0,4.74,4.85,4.94,28.0,44.0,4.0,"22,443 41120,41121 5345,41123 41124,1000 9001,41100 80,44818 30003,22 4840,30003",0,0
2024-08-29 18:38:02,149.0,4.78,4.86,4.94,28.0,44.0,4.0,"22,443 41120,41121 5345,41123 41124,1000 9001,41100 80,44818 30003,22 4840,30003",0,0
2024-08-29 18:38:13,149.0,4.66,4.83,4.93,28.0,44.0,4.0,"22,443 41120,41121 5345,41123 41124,1000 9001,41100 80,44818 30003,22 4840,30003",0,0
2024-08-29 18:38:24,148.0,4.78,4.85,4.94,28.0,44.0,4.0,"22,443 41120,41121 5345,41123 41124,1000 9001,41100 80,44818 30003,22 4840,30003",0,0
2024-08-29 18:38:34,149.0,4.82,4.86,4.94,28.0,44.0,4.0,"22,443 41120,41121 5345,41123 41124,1000 9001,41100 80,44818 30003,22 4840,30003",0,0
2024-08-29 18:38:45,149.0,4.99,4.89,4.95,28.0,44.0,4.0,"22,443 41120,41121 5345,41123 41124,1000 9001,41100 80,44818 30003,22 4840,30003",0,0
2024-08-29 18:38:55,149.0,5.07,4.91,4.96,28.0,44.0,4.0,"22,443 41120,41121 5345,41123 41124,1000 9001,41100 80,44818 30003,22 4840,30003",0,0
2024-08-29 18:39:06,149.0,5.25,4.97,4.97,28.0,44.0,4.0,"22,443 41120,41121 5345,41123 41124,1000 9001,41100 80,44818 30003,22 4840,30003",0,0
2024-08-29 18:39:16,149.0,5.21,4.97,4.98,28.0,44.0,4.0,"22,443 41120,41121 5345,41123 41124,1000 9001,41100 80,44818 30003,22 4840,30003",0,0
2024-08-29 18:39:27,148.0,5.27,4.99,4.98,28.0,44.0,4.0,"22,443 41120,41121 5345,41123 41124,1000 9001,41100 80,44818 30003,22 4840,30003",0,0
2024-08-29 18:39:37,149.0,5.15,4.97,4.98,28.0,44.0,4.0,"22,443 41120,41121 5345,41123 41124,1000 9001,41100 80,44818 30003,22 4840,30003",0,0
2024-08-29 18:39:48,149.0,5.04,4.95,4.97,28.0,44.0,4.0,"22,443 41120,41121 5345,41123 41124,1000 9001,41100 80,44818 30003,22 4840,30003",0,0
2024-08-29 18:39:58,149.0,4.96,4.94,4.97,28.0,44.0,4.0,"22,443 41120,41121 5345,41123 41124,1000 9001,41100 80,44818 30003,22 4840,30003",0,0
2024-08-29 18:40:09,149.0,5.13,4.98,4.98,28.0,44.0,4.0,"22,443 41120,41121 5345,41123 41124,1000 9001,41100 80,44818 30003,22 4840,30003",0,0
2024-08-29 18:40:19,149.0,5.04,4.96,4.97,28.0,44.0,4.0,"22,443 41120,41121 5345,41123 41124,1000 9001,41100 80,44818 30003,22 4840,30003",0,0
2024-08-29 18:40:30,149.0,4.96,4.94,4.97,28.0,45.0,4.0,"22,443 41120,41121 5345,41123 41124,1000 9001,41100 80,44818 30003,22 4840,30003",0,0
2024-08-29 18:40:40,149.0,4.89,4.93,4.96,28.0,45.0,4.0,"22,443 41120,41121 5345,41123 41124,1000 9001,41100 80,44818 30003,22 4840,30003",0,0
2024-08-29 18:40:51,149.0,4.98,4.95,4.97,28.0,45.0,4.0,"22,443 41120,41121 5345,41123 41124,1000 9001,41100 80,44818 30003,22 4840,30003",0,0
2024-08-29 18:41:01,153.0,5.14,4.98,4.98,28.0,45.0,4.0,"22,443 41120,41121 5345,41123 41124,1000 9001,41100 80,44818 30003,22 4840,30003",0,0
2024-08-29 18:41:13,149.0,5.11,4.98,4.98,28.0,45.0,4.0,"22,443 41120,41121 5345,41123 41124,1000 9001,41100 80,44818 30003,22 4840,30003",0,0
2024-08-29 18:41:23,149.0,5.32,5.03,5.0,28.0,45.0,4.0,"22,443 41120,41121 5345,41123 41124,1000 9001,41100 80,44818 30003,22 4840,30003",0,0
2024-08-29 18:41:34,149.0,5.19,5.02,4.99,28.0,45.0,4.0,"22,443 41120,41121 5345,41123 41124,1000 9001,41100 80,44818 30003,22 4840,30003",0,0
2024-08-29 18:41:44,149.0,5.16,5.01,5.0,28.0,45.0,4.0,"22,443 41120,41121 5345,41123 41124,1000 9001,41100 80,44818 30003,22 4840,30003",0,0
2024-08-29 18:41:55,149.0,5.06,5.0,4.99,28.0,45.0,4.0,"22,443 41120,41121 5345,41123 41124,1000 9001,41100 80,44818 30003,22 4840,30003",0,0
2024-08-29 18:42:06,149.0,5.54,5.1,5.02,28.0,45.0,4.0,"22,443 41120,41121 5345,41123 41124,1000 9001,41100 80,44818 30003,22 4840,30003",0,0
2024-08-29 18:42:16,149.0,5.41,5.09,5.02,28.0,45.0,4.0,"22,443 41120,41121 5345,41123 41124,1000 9001,41100 80,44818 30003,22 4840,30003",0,0
2024-08-29 18:42:27,149.0,5.35,5.09,5.02,28.0,45.0,4.0,"22,443 41120,41121 5345,41123 41124,1000 9001,41100 80,44818 30003,22 4840,30003",0,0
2024-08-29 18:42:37,149.0,5.22,5.07,5.01,28.0,45.0,4.0,"22,443 41120,41121 5345,41123 41124,1000 9001,41100 80,44818 30003,22 4840,30003",0,0
2024-08-29 18:42:48,149.0,5.11,5.05,5.01,28.0,45.0,4.0,"22,443 41120,41121 5345,41123 41124,1000 9001,41100 80,44818 30003,22 4840,30003",0,0
2024-08-29 18:42:58,149.0,5.01,5.03,5.0,28.0,45.0,4.0,"22,443 41120,41121 5345,41123 41124,1000 9001,41100 80,44818 30003,22 4840,30003",0,0
2024-08-29 18:43:09,149.0,4.85,5.0,4.99,28.0,45.0,4.0,"22,443 41120,41121 5345,41123 41124,1000 9001,41100 80,44818 30003,22 4840,30003",0,0
2024-08-29 18:43:19,149.0,4.8,4.98,4.99,28.0,45.0,4.0,"22,443 41120,41121 5345,41123 41124,1000 9001,41100 80,44818 30003,22 4840,30003",0,0
2024-08-29 18:43:30,149.0,4.67,4.95,4.97,28.0,45.0,4.0,"22,443 41120,41121 5345,41123 41124,1000 9001,41100 80,44818 30003,22 4840,30003",0,0
2024-08-29 18:43:40,149.0,4.57,4.92,4.96,28.0,45.0,4.0,"22,443 41120,41121 5345,41123 41124,1000 9001,41100 80,44818 30003,22 4840,30003",0,0
2024-08-29 18:43:51,149.0,4.48,4.88,4.95,28.0,45.0,4.0,"22,443 41120,41121 5345,41123 41124,1000 9001,41100 80,44818 30003,22 4840,30003",0,0
2024-08-29 18:44:01,153.0,5.21,5.02,5.0,28.0,45.0,4.0,"22,443 41120,41121 5345,41123 41124,1000 9001,41100 80,44818 30003,22 4840,30003",0,0
2024-08-29 18:44:12,149.0,5.17,5.02,5.0,28.0,45.0,4.0,"22,443 41120,41121 5345,41123 41124,1000 9001,41100 80,44818 30003,22 4840,30003",0,0
2024-08-29 18:44:23,149.0,5.23,5.04,5.01,28.0,45.0,4.0,"22,443 41120,41121 5345,41123 41124,1000 9001,41100 80,44818 30003,22 4840,30003",0,0
2024-08-29 18:44:33,149.0,5.04,5.0,4.99,28.0,45.0,4.0,"22,443 41120,41121 5345,41123 41124,1000 9001,41100 80,44818 30003,22 4840,30003",0,0
2024-08-29 18:44:44,149.0,5.19,5.04,5.01,28.0,45.0,4.0,"22,443 41120,41121 5345,41123 41124,1000 9001,41100 80,44818 30003,22 4840,30003",0,0
2024-08-29 18:44:55,149.0,5.16,5.03,5.0,28.0,45.0,4.0,"22,443 41120,41121 5345,41123 41124,1000 9001,41100 80,44818 30003,22 4840,30003",0,0
2024-08-29 18:45:05,149.0,5.54,5.12,5.03,28.0,45.0,4.0,"22,443 41120,41121 5345,41123 41124,1000 9001,41100 80,44818 30003,22 4840,30003",0,0
2024-08-29 18:45:16,149.0,5.37,5.09,5.02,28.0,45.0,4.0,"22,443 41120,41121 5345,41123 41124,1000 9001,41100 80,44818 30003,22 4840,30003",0,0
2024-08-29 18:45:26,149.0,5.16,5.06,5.01,28.0,45.0,4.0,"22,443 41120,41121 5345,41123 41124,1000 9001,41100 80,44818 30003,22 4840,30003",0,0
2024-08-29 18:45:37,149.0,5.05,5.04,5.01,28.0,45.0,4.0,"22,443 41120,41121 5345,41123 41124,1000 9001,41100 80,44818 30003,22 4840,30003",0,0
2024-08-29 18:45:47,149.0,4.97,5.02,5.0,28.0,45.0,4.0,"22,443 41120,41121 5345,41123 41124,1000 9001,41100 80,44818 30003,22 4840,30003",0,0
2024-08-29 18:45:58,149.0,4.89,5.0,4.99,28.0,45.0,4.0,"22,443 41120,41121 5345,41123 41124,1000 9001,41100 80,44818 30003,22 4840,30003",0,0
2024-08-29 18:46:08,149.0,5.06,5.04,5.01,28.0,45.0,4.0,"22,443 41120,41121 5345,41123 41124,1000 9001,41100 80,44818 30003,22 4840,30003",0,0
2024-08-29 18:46:19,149.0,5.21,5.07,5.02,28.0,45.0,4.0,"22,443 41120,41121 5345,41123 41124,1000 9001,41100 80,44818 30003,22 4840,30003",0,0
2024-08-29 18:46:29,149.0,5.1,5.05,5.01,28.0,45.0,4.0,"22,443 41120,41121 5345,41123 41124,1000 9001,41100 80,44818 30003,22 4840,30003",0,0
2024-08-29 18:46:40,149.0,5.01,5.03,5.0,28.0,45.0,4.0,"22,443 41120,41121 5345,41123 41124,1000 9001,41100 80,44818 30003,22 4840,30003",0,0
2024-08-29 18:46:50,149.0,5.01,5.03,5.0,28.0,45.0,4.0,"22,443 41120,41121 5345,41123 41124,1000 9001,41100 80,44818 30003,22 4840,30003",0,0
2024-08-29 18:47:01,149.0,4.86,4.99,4.99,28.0,45.0,4.0,"22,443 41120,41121 5345,41123 41124,1000 9001,41100 80,44818 30003,22 4840,30003",0,0
2024-08-29 18:47:11,149.0,5.17,5.06,5.01,28.0,45.0,4.0,"22,443 41120,41121 5345,41123 41124,1000 9001,41100 80,44818 30003,22 4840,30003",0,0
2024-08-29 18:47:22,149.0,5.18,5.07,5.02,28.0,45.0,4.0,"22,443 41120,41121 5345,41123 41124,1000 9001,41100 80,44818 30003,22 4840,30003",0,0
2024-08-29 18:47:32,149.0,5.0,5.04,5.01,28.0,45.0,4.0,"22,443 41120,41121 5345,41123 41124,1000 9001,41100 80,44818 30003,22 4840,30003",0,0
2024-08-29 18:47:43,149.0,5.08,5.05,5.01,28.0,45.0,4.0,"22,443 41120,41121 5345,41123 41124,1000 9001,41100 80,44818 30003,22 4840,30003",0,0
2024-08-29 18:47:53,149.0,5.07,5.05,5.01,28.0,45.0,4.0,"22,443 41120,41121 5345,41123 41124,1000 9001,41100 80,44818 30003,22 4840,30003",0,0
2024-08-29 18:48:04,149.0,5.46,5.13,5.04,28.0,45.0,4.0,"22,443 41120,41121 5345,41123 41124,1000 9001,41100 80,44818 30003,22 4840,30003",0,0
2024-08-29 18:48:14,149.0,5.53,5.16,5.05,28.0,45.0,4.0,"22,443 41120,41121 5345,41123 41124,1000 9001,41100 80,44818 30003,22 4840,30003",0,0
2024-08-29 18:48:25,149.0,5.45,5.15,5.05,28.0,45.0,4.0,"22,443 41120,41121 5345,41123 41124,1000 9001,41100 80,44818 30003,22 4840,30003",0,0
2024-08-29 18:48:35,149.0,5.23,5.11,5.03,28.0,45.0,4.0,"22,443 41120,41121 5345,41123 41124,1000 9001,41100 80,44818 30003,22 4840,30003",0,0
2024-08-29 18:48:46,149.0,5.19,5.11,5.03,28.0,45.0,4.0,"22,443 41120,41121 5345,41123 41124,1000 9001,41100 80,44818 30003,22 4840,30003",0,0
2024-08-29 18:48:56,149.0,5.16,5.11,5.03,28.0,45.0,4.0,"22,443 41120,41121 5345,41123 41124,1000 9001,41100 80,44818 30003,22 4840,30003",0,0
2024-08-29 18:49:07,149.0,5.22,5.12,5.04,28.0,45.0,4.0,"22,443 41120,41121 5345,41123 41124,1000 9001,41100 80,44818 30003,22 4840,30003",0,0
2024-08-29 18:49:17,149.0,5.32,5.15,5.05,28.0,45.0,4.0,"22,443 41120,41121 5345,41123 41124,1000 9001,41100 80,44818 30003,22 4840,30003",0,0
2024-08-29 18:49:28,149.0,5.12,5.11,5.03,28.0,45.0,4.0,"22,443 41120,41121 5345,41123 41124,1000 9001,41100 80,44818 30003,22 4840,30003",0,0
2024-08-29 18:49:38,149.0,4.95,5.07,5.02,28.0,45.0,4.0,"22,443 41120,41121 5345,41123 41124,1000 9001,41100 80,44818 30003,22 4840,30003",0,0
2024-08-29 18:49:49,149.0,5.03,5.08,5.03,28.0,45.0,4.0,"22,443 41120,41121 5345,41123 41124,1000 9001,41100 80,44818 30003,22 4840,30003",0,0
2024-08-29 18:49:59,149.0,5.02,5.08,5.03,28.0,45.0,4.0,"22,443 41120,41121 5345,41123 41124,1000 9001,41100 80,44818 30003,22 4840,30003",0,0
2024-08-29 18:50:10,149.0,5.25,5.13,5.04,28.0,45.0,4.0,"22,443 41120,41121 5345,41123 41124,1000 9001,41100 80,44818 30003,22 4840,30003",0,0
2024-08-29 18:50:20,149.0,5.37,5.16,5.05,28.0,45.0,4.0,"22,443 41120,41121 5345,41123 41124,1000 9001,41100 80,44818 30003,22 4840,30003",0,0
2024-08-29 18:50:31,149.0,5.24,5.14,5.05,28.0,45.0,4.0,"22,443 41120,41121 5345,41123 41124,1000 9001,41100 80,44818 30003,22 4840,30003",0,0
2024-08-29 18:50:41,149.0,5.35,5.16,5.06,28.0,45.0,4.0,"22,443 41120,41121 5345,41123 41124,1000 9001,41100 80,44818 30003,22 4840,30003",0,0
2024-08-29 18:50:52,149.0,5.22,5.14,5.05,28.0,45.0,4.0,"22,443 41120,41121 5345,41123 41124,1000 9001,41100 80,44818 30003,22 4840,30003",0,0
2024-08-29 18:51:02,151.0,5.57,5.22,5.08,28.0,45.0,4.0,"22,443 41120,41121 5345,41123 41124,1000 9001,41100 80,44818 30003,22 4840,30003",0,0
2024-08-29 18:51:13,149.0,5.4,5.19,5.07,28.0,45.0,4.0,"22,443 41120,41121 5345,41123 41124,1000 9001,41100 80,44818 30003,22 4840,30003",0,0
2024-08-29 18:51:24,149.0,5.19,5.15,5.06,28.0,45.0,4.0,"22,443 41120,41121 5345,41123 41124,1000 9001,41100 80,44818 30003,22 4840,30003",0,0
2024-08-29 18:51:34,149.0,5.15,5.15,5.06,28.0,45.0,4.0,"22,443 41120,41121 5345,41123 41124,1000 9001,41100 80,44818 30003,22 4840,30003",0,0
2024-08-29 18:51:45,149.0,5.05,5.13,5.05,28.0,45.0,4.0,"22,443 41120,41121 5345,41123 41124,1000 9001,41100 80,44818 30003,22 4840,30003",0,0
2024-08-29 18:51:55,149.0,4.89,5.09,5.04,28.0,45.0,4.0,"22,443 41120,41121 5345,41123 41124,1000 9001,41100 80,44818 30003,22 4840,30003",0,0
2024-08-29 18:52:06,150.0,5.39,5.19,5.07,28.0,45.0,4.0,"22,443 41120,41121 5345,41123 41124,1000 9001,41100 80,44818 30003,22 4840,30003",0,0
2024-08-29 18:52:16,149.0,5.33,5.18,5.07,28.0,45.0,4.0,"22,443 41120,41121 5345,41123 41124,1000 9001,41100 80,44818 30003,22 4840,30003",0,0
2024-08-29 18:52:27,149.0,5.21,5.16,5.06,28.0,45.0,4.0,"22,443 41120,41121 5345,41123 41124,1000 9001,41100 80,44818 30003,22 4840,30003",0,0
2024-08-29 18:52:37,149.0,5.35,5.2,5.08,28.0,45.0,4.0,"22,443 41120,41121 5345,41123 41124,1000 9001,41100 80,44818 30003,22 4840,30003",0,0
2024-08-29 18:52:48,149.0,5.3,5.19,5.08,28.0,45.0,4.0,"22,443 41120,41121 5345,41123 41124,1000 9001,41100 80,44818 30003,22 4840,30003",0,0
2024-08-29 18:52:58,149.0,5.1,5.15,5.07,28.0,45.0,4.0,"22,443 41120,41121 5345,41123 41124,1000 9001,41100 80,44818 30003,22 4840,30003",0,0
2024-08-29 18:53:09,150.0,5.23,5.18,5.08,28.0,45.0,4.0,"22,443 41120,41121 5345,41123 41124,1000 9001,41100 80,44818 30003,22 4840,30003",0,0
2024-08-29 18:53:19,149.0,5.04,5.14,5.07,28.0,45.0,4.0,"22,443 41120,41121 5345,41123 41124,1000 9001,41100 80,44818 30003,22 4840,30003",0,0
2024-08-29 18:53:30,149.0,5.18,5.17,5.08,28.0,45.0,4.0,"22,443 41120,41121 5345,41123 41124,1000 9001,41100 80,44818 30003,22 4840,30003",0,0
2024-08-29 18:53:40,149.0,5.07,5.14,5.07,28.0,45.0,4.0,"22,443 41120,41121 5345,41123 41124,1000 9001,41100 80,44818 30003,22 4840,30003",0,0
2024-08-29 18:53:51,149.0,5.28,5.19,5.09,28.0,45.0,4.0,"22,443 41120,41121 5345,41123 41124,1000 9001,41100 80,44818 30003,22 4840,30003",0,0
2024-08-29 18:54:01,154.0,5.16,5.16,5.08,28.0,45.0,4.0,"22,443 41120,41121 5345,41123 41124,1000 9001,41100 80,44818 30003,22 4840,30003",0,0
2024-08-29 18:54:13,150.0,5.39,5.22,5.1,28.0,45.0,4.0,"22,443 41120,41121 5345,41123 41124,1000 9001,41100 80,44818 30003,22 4840,30003",0,0
2024-08-29 18:54:23,149.0,5.33,5.21,5.1,28.0,45.0,4.0,"22,443 41120,41121 5345,41123 41124,1000 9001,41100 80,44818 30003,22 4840,30003",0,0
2024-08-29 18:54:34,149.0,5.2,5.19,5.09,28.0,45.0,4.0,"22,443 41120,41121 5345,41123 41124,1000 9001,41100 80,44818 30003,22 4840,30003",0,0
2024-08-29 18:54:44,149.0,5.17,5.18,5.09,28.0,45.0,4.0,"22,443 41120,41121 5345,41123 41124,1000 9001,41100 80,44818 30003,22 4840,30003",0,0
2024-08-29 18:54:55,149.0,5.07,5.16,5.08,28.0,45.0,4.0,"22,443 41120,41121 5345,41123 41124,1000 9001,41100 80,44818 30003,22 4840,30003",0,0
2024-08-29 18:55:05,151.0,5.22,5.19,5.09,28.0,45.0,4.0,"22,443 41120,41121 5345,41123 41124,1000 9001,41100 80,44818 30003,22 4840,30003",0,0
2024-08-29 18:55:16,151.0,5.18,5.18,5.09,28.0,45.0,4.0,"22,443 41120,41121 5345,41123 41124,1000 9001,41100 80,44818 30003,22 4840,30003",0,0
2024-08-29 18:55:26,151.0,5.0,5.14,5.08,28.0,45.0,4.0,"22,443 41120,41121 5345,41123 41124,1000 9001,41100 80,44818 30003,22 4840,30003",0,0
2024-08-29 18:55:37,151.0,5.08,5.15,5.08,28.0,45.0,4.0,"22,443 41120,41121 5345,41123 41124,1000 9001,41100 80,44818 30003,22 4840,30003",0,0
2024-08-29 18:55:47,151.0,4.99,5.13,5.08,28.0,45.0,4.0,"22,443 41120,41121 5345,41123 41124,1000 9001,41100 80,44818 30003,22 4840,30003",0,0
2024-08-29 18:55:58,151.0,5.05,5.14,5.08,28.0,45.0,4.0,"22,443 41120,41121 5345,41123 41124,1000 9001,41100 80,44818 30003,22 4840,30003",0,0
2024-08-29 18:56:08,151.0,5.04,5.13,5.08,28.0,45.0,4.0,"22,443 41120,41121 5345,41123 41124,1000 9001,41100 80,44818 30003,22 4840,30003",0,0
2024-08-29 18:56:19,151.0,5.04,5.13,5.08,28.0,45.0,4.0,"22,443 41120,41121 5345,41123 41124,1000 9001,41100 80,44818 30003,22 4840,30003",0,0
2024-08-29 18:56:29,151.0,4.88,5.09,5.07,28.0,45.0,4.0,"22,443 41120,41121 5345,41123 41124,1000 9001,41100 80,44818 30003,22 4840,30003",0,0
2024-08-29 18:56:40,151.0,4.82,5.07,5.06,28.0,45.0,4.0,"22,443 41120,41121 5345,41123 41124,1000 9001,41100 80,44818 30003,22 4840,30003",0,0
2024-08-29 18:56:50,151.0,4.78,5.05,5.06,28.0,45.0,4.0,"22,443 41120,41121 5345,41123 41124,1000 9001,41100 80,44818 30003,22 4840,30003",0,0
2024-08-29 18:57:01,155.0,4.89,5.07,5.06,28.0,45.0,4.0,"22,443 41120,41121 5345,41123 41124,1000 9001,41100 80,44818 30003,22 4840,30003",0,0
2024-08-29 18:57:12,152.0,5.07,5.1,5.07,28.0,45.0,4.0,"22,443 41120,41121 5345,41123 41124,1000 9001,41100 80,44818 30003,22 4840,30003",0,0
2024-08-29 18:57:23,152.0,5.19,5.13,5.08,28.0,45.0,4.0,"22,443 41120,41121 5345,41123 41124,1000 9001,41100 80,44818 30003,22 4840,30003",0,0
2024-08-29 18:57:33,152.0,5.16,5.12,5.08,28.0,45.0,4.0,"22,443 41120,41121 5345,41123 41124,1000 9001,41100 80,44818 30003,22 4840,30003",0,0
2024-08-29 18:57:44,151.0,4.98,5.08,5.07,31.0,45.0,4.0,"22,443 41120,41121 5345,41123 41124,1000 9001,41100 80,44818 30003,22 4840,30003",0,0
2024-08-29 18:57:55,151.0,4.98,5.08,5.07,31.0,45.0,4.0,"22,443 41120,41121 5345,41123 41124,1000 9001,41100 80,44818 30003,22 4840,30003",0,0
2024-08-29 18:58:05,152.0,4.91,5.06,5.06,31.0,45.0,4.0,"22,443 41120,41121 5345,41123 41124,1000 9001,41100 80,44818 30003,22 4840,30003",0,0
2024-08-29 18:58:16,151.0,4.77,5.02,5.05,31.0,45.0,5.0,"22,443 41120,41121 5345,41123 41124,1000 9001,41100 80,44818 30003,22 4840,30003",0,0
